barrio,año,mes,superficie,comuna
AGRONOMIA,2013,Jul,574,15
AGRONOMIA,2013,Ago,320,15
AGRONOMIA,2013,Sep,538,15
AGRONOMIA,2013,Oct,434,15
AGRONOMIA,2013,Nov,363,15
AGRONOMIA,2013,Dic,312,15
AGRONOMIA,2014,Ene,241,15
AGRONOMIA,2014,Feb,170,15
AGRONOMIA,2014,Mar,172,15
AGRONOMIA,2014,Abr,262,15
AGRONOMIA,2014,May,423,15
AGRONOMIA,2014,Jun,352,15
AGRONOMIA,2014,Jul,370,15
AGRONOMIA,2014,Ago,361,15
AGRONOMIA,2014,Sep,335,15
AGRONOMIA,2014,Oct,430,15
AGRONOMIA,2014,Nov,420,15
AGRONOMIA,2014,Dic,261,15
AGRONOMIA,2015,Ene,350,15
AGRONOMIA,2015,Feb,343,15
AGRONOMIA,2015,Mar,156,15
AGRONOMIA,2015,Abr,232,15
AGRONOMIA,2015,May,208,15
AGRONOMIA,2015,Jun,589,15
AGRONOMIA,2015,Jul,478,15
AGRONOMIA,2015,Ago,228,15
AGRONOMIA,2015,Sep,110,15
AGRONOMIA,2015,Oct,0,15
AGRONOMIA,2015,Nov,74,15
AGRONOMIA,2015,Dic,130,15
AGRONOMIA,2016,Ene,281,15
AGRONOMIA,2016,Feb,261,15
AGRONOMIA,2016,Mar,286,15
AGRONOMIA,2016,Abr,488,15
AGRONOMIA,2016,May,260,15
AGRONOMIA,2016,Jun,288,15
AGRONOMIA,2016,Jul,360,15
AGRONOMIA,2016,Ago,104,15
AGRONOMIA,2016,Sep,198,15
AGRONOMIA,2016,Oct,142,15
AGRONOMIA,2016,Nov,148,15
AGRONOMIA,2016,Dic,254,15
AGRONOMIA,2017,Ene,362,15
AGRONOMIA,2017,Feb,227,15
AGRONOMIA,2017,Mar,292,15
AGRONOMIA,2017,Abr,85,15
AGRONOMIA,2017,May,198,15
AGRONOMIA,2017,Jun,227,15
AGRONOMIA,2017,Jul,38,15
AGRONOMIA,2017,Ago,171,15
AGRONOMIA,2017,Sep,0,15
AGRONOMIA,2017,Oct,140,15
AGRONOMIA,2017,Nov,80,15
AGRONOMIA,2017,Dic,124,15
AGRONOMIA,2018,Ene,140,15
AGRONOMIA,2018,Feb,74,15
AGRONOMIA,2018,Mar,137,15
AGRONOMIA,2018,Abr,0,15
AGRONOMIA,2018,May,75,15
AGRONOMIA,2018,Jun,149,15
AGRONOMIA,2018,Jul,182,15
AGRONOMIA,2018,Ago,167,15
AGRONOMIA,2018,Sep,101,15
AGRONOMIA,2018,Oct,168,15
AGRONOMIA,2018,Nov,132,15
AGRONOMIA,2018,Dic,104,15
AGRONOMIA,2019,Ene,74,15
AGRONOMIA,2019,Feb,180,15
AGRONOMIA,2019,Mar,165,15
AGRONOMIA,2019,Abr,0,15
AGRONOMIA,2019,May,267,15
AGRONOMIA,2019,Jun,234,15
AGRONOMIA,2019,Jul,48,15
AGRONOMIA,2019,Ago,158,15
ALMAGRO,2013,Jul,7310,5
ALMAGRO,2013,Ago,5106,5
ALMAGRO,2013,Sep,4763,5
ALMAGRO,2013,Oct,6789,5
ALMAGRO,2013,Nov,6485,5
ALMAGRO,2013,Dic,6636,5
ALMAGRO,2014,Ene,5756,5
ALMAGRO,2014,Feb,7533,5
ALMAGRO,2014,Mar,7115,5
ALMAGRO,2014,Abr,3312,5
ALMAGRO,2014,May,7353,5
ALMAGRO,2014,Jun,3092,5
ALMAGRO,2014,Jul,6355,5
ALMAGRO,2014,Ago,4890,5
ALMAGRO,2014,Sep,5322,5
ALMAGRO,2014,Oct,6704,5
ALMAGRO,2014,Nov,5366,5
ALMAGRO,2014,Dic,5170,5
ALMAGRO,2015,Ene,4584,5
ALMAGRO,2015,Feb,3703,5
ALMAGRO,2015,Mar,4813,5
ALMAGRO,2015,Abr,4351,5
ALMAGRO,2015,May,3165,5
ALMAGRO,2015,Jun,5504,5
ALMAGRO,2015,Jul,4786,5
ALMAGRO,2015,Ago,4057,5
ALMAGRO,2015,Sep,3106,5
ALMAGRO,2015,Oct,3897,5
ALMAGRO,2015,Nov,2609,5
ALMAGRO,2015,Dic,2331,5
ALMAGRO,2016,Ene,3181,5
ALMAGRO,2016,Feb,2968,5
ALMAGRO,2016,Mar,3806,5
ALMAGRO,2016,Abr,3397,5
ALMAGRO,2016,May,3611,5
ALMAGRO,2016,Jun,3513,5
ALMAGRO,2016,Jul,3930,5
ALMAGRO,2016,Ago,3864,5
ALMAGRO,2016,Sep,3528,5
ALMAGRO,2016,Oct,3440,5
ALMAGRO,2016,Nov,3656,5
ALMAGRO,2016,Dic,2756,5
ALMAGRO,2017,Ene,2678,5
ALMAGRO,2017,Feb,2790,5
ALMAGRO,2017,Mar,3444,5
ALMAGRO,2017,Abr,2891,5
ALMAGRO,2017,May,3142,5
ALMAGRO,2017,Jun,3298,5
ALMAGRO,2017,Jul,2447,5
ALMAGRO,2017,Ago,2929,5
ALMAGRO,2017,Sep,2067,5
ALMAGRO,2017,Oct,2384,5
ALMAGRO,2017,Nov,2451,5
ALMAGRO,2017,Dic,2651,5
ALMAGRO,2018,Ene,2553,5
ALMAGRO,2018,Feb,2173,5
ALMAGRO,2018,Mar,2345,5
ALMAGRO,2018,Abr,2475,5
ALMAGRO,2018,May,2821,5
ALMAGRO,2018,Jun,3047,5
ALMAGRO,2018,Jul,2685,5
ALMAGRO,2018,Ago,3632,5
ALMAGRO,2018,Sep,3158,5
ALMAGRO,2018,Oct,3348,5
ALMAGRO,2018,Nov,3520,5
ALMAGRO,2018,Dic,2593,5
ALMAGRO,2019,Ene,2790,5
ALMAGRO,2019,Feb,2856,5
ALMAGRO,2019,Mar,2866,5
ALMAGRO,2019,Abr,2444,5
ALMAGRO,2019,May,3123,5
ALMAGRO,2019,Jun,2773,5
ALMAGRO,2019,Jul,2637,5
ALMAGRO,2019,Ago,2858,5
BALVANERA,2013,Jul,5089,3
BALVANERA,2013,Ago,5893,3
BALVANERA,2013,Sep,3636,3
BALVANERA,2013,Oct,4589,3
BALVANERA,2013,Nov,4481,3
BALVANERA,2013,Dic,4488,3
BALVANERA,2014,Ene,4086,3
BALVANERA,2014,Feb,5709,3
BALVANERA,2014,Mar,5606,3
BALVANERA,2014,Abr,2600,3
BALVANERA,2014,May,5224,3
BALVANERA,2014,Jun,3338,3
BALVANERA,2014,Jul,5151,3
BALVANERA,2014,Ago,4585,3
BALVANERA,2014,Sep,3925,3
BALVANERA,2014,Oct,4635,3
BALVANERA,2014,Nov,3837,3
BALVANERA,2014,Dic,2971,3
BALVANERA,2015,Ene,2789,3
BALVANERA,2015,Feb,3592,3
BALVANERA,2015,Mar,3855,3
BALVANERA,2015,Abr,2691,3
BALVANERA,2015,May,3033,3
BALVANERA,2015,Jun,4975,3
BALVANERA,2015,Jul,4513,3
BALVANERA,2015,Ago,3981,3
BALVANERA,2015,Sep,1812,3
BALVANERA,2015,Oct,2506,3
BALVANERA,2015,Nov,1798,3
BALVANERA,2015,Dic,1677,3
BALVANERA,2016,Ene,1795,3
BALVANERA,2016,Feb,1971,3
BALVANERA,2016,Mar,2259,3
BALVANERA,2016,Abr,2710,3
BALVANERA,2016,May,2699,3
BALVANERA,2016,Jun,2558,3
BALVANERA,2016,Jul,2499,3
BALVANERA,2016,Ago,3097,3
BALVANERA,2016,Sep,2214,3
BALVANERA,2016,Oct,3199,3
BALVANERA,2016,Nov,3399,3
BALVANERA,2016,Dic,2389,3
BALVANERA,2017,Ene,2722,3
BALVANERA,2017,Feb,3066,3
BALVANERA,2017,Mar,2631,3
BALVANERA,2017,Abr,3260,3
BALVANERA,2017,May,2657,3
BALVANERA,2017,Jun,2513,3
BALVANERA,2017,Jul,2750,3
BALVANERA,2017,Ago,2036,3
BALVANERA,2017,Sep,2343,3
BALVANERA,2017,Oct,1563,3
BALVANERA,2017,Nov,2413,3
BALVANERA,2017,Dic,1495,3
BALVANERA,2018,Ene,1685,3
BALVANERA,2018,Feb,2107,3
BALVANERA,2018,Mar,2781,3
BALVANERA,2018,Abr,1885,3
BALVANERA,2018,May,2357,3
BALVANERA,2018,Jun,1866,3
BALVANERA,2018,Jul,2004,3
BALVANERA,2018,Ago,2262,3
BALVANERA,2018,Sep,2549,3
BALVANERA,2018,Oct,3069,3
BALVANERA,2018,Nov,2374,3
BALVANERA,2018,Dic,1972,3
BALVANERA,2019,Ene,1558,3
BALVANERA,2019,Feb,1929,3
BALVANERA,2019,Mar,2868,3
BALVANERA,2019,Abr,3445,3
BALVANERA,2019,May,2979,3
BALVANERA,2019,Jun,3135,3
BALVANERA,2019,Jul,2784,3
BALVANERA,2019,Ago,2524,3
BARRACAS,2013,Jul,1877,4
BARRACAS,2013,Ago,1135,4
BARRACAS,2013,Sep,1215,4
BARRACAS,2013,Oct,1618,4
BARRACAS,2013,Nov,798,4
BARRACAS,2013,Dic,1004,4
BARRACAS,2014,Ene,822,4
BARRACAS,2014,Feb,903,4
BARRACAS,2014,Mar,904,4
BARRACAS,2014,Abr,662,4
BARRACAS,2014,May,1293,4
BARRACAS,2014,Jun,1640,4
BARRACAS,2014,Jul,797,4
BARRACAS,2014,Ago,1027,4
BARRACAS,2014,Sep,1366,4
BARRACAS,2014,Oct,1267,4
BARRACAS,2014,Nov,832,4
BARRACAS,2014,Dic,523,4
BARRACAS,2015,Ene,265,4
BARRACAS,2015,Feb,185,4
BARRACAS,2015,Mar,878,4
BARRACAS,2015,Abr,247,4
BARRACAS,2015,May,926,4
BARRACAS,2015,Jun,1199,4
BARRACAS,2015,Jul,793,4
BARRACAS,2015,Ago,642,4
BARRACAS,2015,Sep,373,4
BARRACAS,2015,Oct,441,4
BARRACAS,2015,Nov,124,4
BARRACAS,2015,Dic,542,4
BARRACAS,2016,Ene,273,4
BARRACAS,2016,Feb,325,4
BARRACAS,2016,Mar,223,4
BARRACAS,2016,Abr,564,4
BARRACAS,2016,May,415,4
BARRACAS,2016,Jun,304,4
BARRACAS,2016,Jul,444,4
BARRACAS,2016,Ago,819,4
BARRACAS,2016,Sep,510,4
BARRACAS,2016,Oct,563,4
BARRACAS,2016,Nov,616,4
BARRACAS,2016,Dic,438,4
BARRACAS,2017,Ene,755,4
BARRACAS,2017,Feb,323,4
BARRACAS,2017,Mar,781,4
BARRACAS,2017,Abr,262,4
BARRACAS,2017,May,396,4
BARRACAS,2017,Jun,324,4
BARRACAS,2017,Jul,441,4
BARRACAS,2017,Ago,520,4
BARRACAS,2017,Sep,504,4
BARRACAS,2017,Oct,255,4
BARRACAS,2017,Nov,402,4
BARRACAS,2017,Dic,327,4
BARRACAS,2018,Ene,969,4
BARRACAS,2018,Feb,410,4
BARRACAS,2018,Mar,772,4
BARRACAS,2018,Abr,224,4
BARRACAS,2018,May,474,4
BARRACAS,2018,Jun,846,4
BARRACAS,2018,Jul,550,4
BARRACAS,2018,Ago,300,4
BARRACAS,2018,Sep,682,4
BARRACAS,2018,Oct,675,4
BARRACAS,2018,Nov,625,4
BARRACAS,2018,Dic,695,4
BARRACAS,2019,Ene,1062,4
BARRACAS,2019,Feb,712,4
BARRACAS,2019,Mar,1177,4
BARRACAS,2019,Abr,975,4
BARRACAS,2019,May,606,4
BARRACAS,2019,Jun,707,4
BARRACAS,2019,Jul,587,4
BARRACAS,2019,Ago,658,4
BELGRANO,2013,Jul,9897,13
BELGRANO,2013,Ago,10140,13
BELGRANO,2013,Sep,8518,13
BELGRANO,2013,Oct,11900,13
BELGRANO,2013,Nov,10701,13
BELGRANO,2013,Dic,10855,13
BELGRANO,2014,Ene,7646,13
BELGRANO,2014,Feb,8985,13
BELGRANO,2014,Mar,8355,13
BELGRANO,2014,Abr,5393,13
BELGRANO,2014,May,10177,13
BELGRANO,2014,Jun,9648,13
BELGRANO,2014,Jul,11148,13
BELGRANO,2014,Ago,10374,13
BELGRANO,2014,Sep,10491,13
BELGRANO,2014,Oct,11267,13
BELGRANO,2014,Nov,8782,13
BELGRANO,2014,Dic,6816,13
BELGRANO,2015,Ene,7409,13
BELGRANO,2015,Feb,9404,13
BELGRANO,2015,Mar,9496,13
BELGRANO,2015,Abr,8313,13
BELGRANO,2015,May,9504,13
BELGRANO,2015,Jun,9599,13
BELGRANO,2015,Jul,9222,13
BELGRANO,2015,Ago,7511,13
BELGRANO,2015,Sep,4974,13
BELGRANO,2015,Oct,5131,13
BELGRANO,2015,Nov,4133,13
BELGRANO,2015,Dic,6734,13
BELGRANO,2016,Ene,5399,13
BELGRANO,2016,Feb,3183,13
BELGRANO,2016,Mar,6325,13
BELGRANO,2016,Abr,5311,13
BELGRANO,2016,May,7469,13
BELGRANO,2016,Jun,5905,13
BELGRANO,2016,Jul,5133,13
BELGRANO,2016,Ago,6157,13
BELGRANO,2016,Sep,6841,13
BELGRANO,2016,Oct,5608,13
BELGRANO,2016,Nov,6898,13
BELGRANO,2016,Dic,6859,13
BELGRANO,2017,Ene,5823,13
BELGRANO,2017,Feb,4947,13
BELGRANO,2017,Mar,5904,13
BELGRANO,2017,Abr,5530,13
BELGRANO,2017,May,7811,13
BELGRANO,2017,Jun,6245,13
BELGRANO,2017,Jul,6047,13
BELGRANO,2017,Ago,6867,13
BELGRANO,2017,Sep,5156,13
BELGRANO,2017,Oct,4288,13
BELGRANO,2017,Nov,6773,13
BELGRANO,2017,Dic,6400,13
BELGRANO,2018,Ene,5751,13
BELGRANO,2018,Feb,4364,13
BELGRANO,2018,Mar,6533,13
BELGRANO,2018,Abr,5576,13
BELGRANO,2018,May,4983,13
BELGRANO,2018,Jun,4857,13
BELGRANO,2018,Jul,5194,13
BELGRANO,2018,Ago,4600,13
BELGRANO,2018,Sep,4724,13
BELGRANO,2018,Oct,5818,13
BELGRANO,2018,Nov,5462,13
BELGRANO,2018,Dic,5179,13
BELGRANO,2019,Ene,4652,13
BELGRANO,2019,Feb,4586,13
BELGRANO,2019,Mar,6108,13
BELGRANO,2019,Abr,6239,13
BELGRANO,2019,May,5303,13
BELGRANO,2019,Jun,4196,13
BELGRANO,2019,Jul,5411,13
BELGRANO,2019,Ago,5341,13
BOCA,2013,Jul,511,4
BOCA,2013,Ago,121,4
BOCA,2013,Sep,282,4
BOCA,2013,Oct,363,4
BOCA,2013,Nov,624,4
BOCA,2013,Dic,257,4
BOCA,2014,Ene,404,4
BOCA,2014,Feb,289,4
BOCA,2014,Mar,200,4
BOCA,2014,Abr,123,4
BOCA,2014,May,311,4
BOCA,2014,Jun,145,4
BOCA,2014,Jul,160,4
BOCA,2014,Ago,399,4
BOCA,2014,Sep,108,4
BOCA,2014,Oct,552,4
BOCA,2014,Nov,601,4
BOCA,2014,Dic,184,4
BOCA,2015,Ene,417,4
BOCA,2015,Feb,486,4
BOCA,2015,Mar,419,4
BOCA,2015,Abr,190,4
BOCA,2015,May,224,4
BOCA,2015,Jun,100,4
BOCA,2015,Jul,129,4
BOCA,2015,Ago,177,4
BOCA,2015,Sep,92,4
BOCA,2015,Oct,64,4
BOCA,2015,Nov,65,4
BOCA,2015,Dic,80,4
BOCA,2016,Ene,155,4
BOCA,2016,Feb,126,4
BOCA,2016,Mar,309,4
BOCA,2016,Abr,248,4
BOCA,2016,May,367,4
BOCA,2016,Jun,944,4
BOCA,2016,Jul,330,4
BOCA,2016,Ago,716,4
BOCA,2016,Sep,823,4
BOCA,2016,Oct,580,4
BOCA,2016,Nov,221,4
BOCA,2016,Dic,228,4
BOCA,2017,Ene,462,4
BOCA,2017,Feb,230,4
BOCA,2017,Mar,162,4
BOCA,2017,Abr,222,4
BOCA,2017,May,337,4
BOCA,2017,Jun,83,4
BOCA,2017,Jul,296,4
BOCA,2017,Ago,189,4
BOCA,2017,Sep,317,4
BOCA,2017,Oct,118,4
BOCA,2017,Nov,60,4
BOCA,2017,Dic,142,4
BOCA,2018,Ene,247,4
BOCA,2018,Feb,0,4
BOCA,2018,Mar,223,4
BOCA,2018,Abr,149,4
BOCA,2018,May,325,4
BOCA,2018,Jun,177,4
BOCA,2018,Jul,258,4
BOCA,2018,Ago,129,4
BOCA,2018,Sep,181,4
BOCA,2018,Oct,432,4
BOCA,2018,Nov,356,4
BOCA,2018,Dic,244,4
BOCA,2019,Ene,310,4
BOCA,2019,Feb,484,4
BOCA,2019,Mar,500,4
BOCA,2019,Abr,656,4
BOCA,2019,May,527,4
BOCA,2019,Jun,458,4
BOCA,2019,Jul,442,4
BOCA,2019,Ago,241,4
BOEDO,2013,Jul,960,5
BOEDO,2013,Ago,706,5
BOEDO,2013,Sep,1070,5
BOEDO,2013,Oct,1159,5
BOEDO,2013,Nov,1472,5
BOEDO,2013,Dic,1338,5
BOEDO,2014,Ene,1020,5
BOEDO,2014,Feb,843,5
BOEDO,2014,Mar,907,5
BOEDO,2014,Abr,358,5
BOEDO,2014,May,1162,5
BOEDO,2014,Jun,1101,5
BOEDO,2014,Jul,886,5
BOEDO,2014,Ago,649,5
BOEDO,2014,Sep,793,5
BOEDO,2014,Oct,1053,5
BOEDO,2014,Nov,748,5
BOEDO,2014,Dic,701,5
BOEDO,2015,Ene,539,5
BOEDO,2015,Feb,509,5
BOEDO,2015,Mar,515,5
BOEDO,2015,Abr,644,5
BOEDO,2015,May,928,5
BOEDO,2015,Jun,706,5
BOEDO,2015,Jul,776,5
BOEDO,2015,Ago,1063,5
BOEDO,2015,Sep,353,5
BOEDO,2015,Oct,482,5
BOEDO,2015,Nov,268,5
BOEDO,2015,Dic,117,5
BOEDO,2016,Ene,360,5
BOEDO,2016,Feb,538,5
BOEDO,2016,Mar,311,5
BOEDO,2016,Abr,509,5
BOEDO,2016,May,579,5
BOEDO,2016,Jun,393,5
BOEDO,2016,Jul,228,5
BOEDO,2016,Ago,761,5
BOEDO,2016,Sep,380,5
BOEDO,2016,Oct,652,5
BOEDO,2016,Nov,543,5
BOEDO,2016,Dic,293,5
BOEDO,2017,Ene,392,5
BOEDO,2017,Feb,230,5
BOEDO,2017,Mar,511,5
BOEDO,2017,Abr,322,5
BOEDO,2017,May,332,5
BOEDO,2017,Jun,261,5
BOEDO,2017,Jul,468,5
BOEDO,2017,Ago,386,5
BOEDO,2017,Sep,76,5
BOEDO,2017,Oct,212,5
BOEDO,2017,Nov,597,5
BOEDO,2017,Dic,309,5
BOEDO,2018,Ene,442,5
BOEDO,2018,Feb,206,5
BOEDO,2018,Mar,569,5
BOEDO,2018,Abr,252,5
BOEDO,2018,May,295,5
BOEDO,2018,Jun,160,5
BOEDO,2018,Jul,536,5
BOEDO,2018,Ago,728,5
BOEDO,2018,Sep,875,5
BOEDO,2018,Oct,671,5
BOEDO,2018,Nov,162,5
BOEDO,2018,Dic,528,5
BOEDO,2019,Ene,838,5
BOEDO,2019,Feb,334,5
BOEDO,2019,Mar,506,5
BOEDO,2019,Abr,545,5
BOEDO,2019,May,542,5
BOEDO,2019,Jun,290,5
BOEDO,2019,Jul,822,5
BOEDO,2019,Ago,980,5
CABALLITO,2013,Jul,7867,6
CABALLITO,2013,Ago,5526,6
CABALLITO,2013,Sep,7454,6
CABALLITO,2013,Oct,9640,6
CABALLITO,2013,Nov,8218,6
CABALLITO,2013,Dic,5916,6
CABALLITO,2014,Ene,5859,6
CABALLITO,2014,Feb,8792,6
CABALLITO,2014,Mar,7499,6
CABALLITO,2014,Abr,4054,6
CABALLITO,2014,May,8958,6
CABALLITO,2014,Jun,7652,6
CABALLITO,2014,Jul,7892,6
CABALLITO,2014,Ago,7136,6
CABALLITO,2014,Sep,6358,6
CABALLITO,2014,Oct,7371,6
CABALLITO,2014,Nov,7440,6
CABALLITO,2014,Dic,5372,6
CABALLITO,2015,Ene,5890,6
CABALLITO,2015,Feb,4898,6
CABALLITO,2015,Mar,6553,6
CABALLITO,2015,Abr,5174,6
CABALLITO,2015,May,6701,6
CABALLITO,2015,Jun,9119,6
CABALLITO,2015,Jul,8127,6
CABALLITO,2015,Ago,7125,6
CABALLITO,2015,Sep,3513,6
CABALLITO,2015,Oct,2759,6
CABALLITO,2015,Nov,4096,6
CABALLITO,2015,Dic,3549,6
CABALLITO,2016,Ene,3612,6
CABALLITO,2016,Feb,4190,6
CABALLITO,2016,Mar,4967,6
CABALLITO,2016,Abr,4516,6
CABALLITO,2016,May,6458,6
CABALLITO,2016,Jun,5293,6
CABALLITO,2016,Jul,4771,6
CABALLITO,2016,Ago,6161,6
CABALLITO,2016,Sep,4306,6
CABALLITO,2016,Oct,5062,6
CABALLITO,2016,Nov,6263,6
CABALLITO,2016,Dic,5353,6
CABALLITO,2017,Ene,6191,6
CABALLITO,2017,Feb,4067,6
CABALLITO,2017,Mar,3318,6
CABALLITO,2017,Abr,5536,6
CABALLITO,2017,May,5090,6
CABALLITO,2017,Jun,6519,6
CABALLITO,2017,Jul,4758,6
CABALLITO,2017,Ago,4197,6
CABALLITO,2017,Sep,4329,6
CABALLITO,2017,Oct,3061,6
CABALLITO,2017,Nov,3936,6
CABALLITO,2017,Dic,4275,6
CABALLITO,2018,Ene,4047,6
CABALLITO,2018,Feb,3797,6
CABALLITO,2018,Mar,5338,6
CABALLITO,2018,Abr,5176,6
CABALLITO,2018,May,5191,6
CABALLITO,2018,Jun,4411,6
CABALLITO,2018,Jul,5149,6
CABALLITO,2018,Ago,5082,6
CABALLITO,2018,Sep,5440,6
CABALLITO,2018,Oct,6398,6
CABALLITO,2018,Nov,5650,6
CABALLITO,2018,Dic,3116,6
CABALLITO,2019,Ene,4726,6
CABALLITO,2019,Feb,3719,6
CABALLITO,2019,Mar,5075,6
CABALLITO,2019,Abr,4565,6
CABALLITO,2019,May,6176,6
CABALLITO,2019,Jun,4155,6
CABALLITO,2019,Jul,4931,6
CABALLITO,2019,Ago,5095,6
CHACARITA,2013,Jul,805,15
CHACARITA,2013,Ago,666,15
CHACARITA,2013,Sep,775,15
CHACARITA,2013,Oct,1285,15
CHACARITA,2013,Nov,1664,15
CHACARITA,2013,Dic,1421,15
CHACARITA,2014,Ene,592,15
CHACARITA,2014,Feb,989,15
CHACARITA,2014,Mar,892,15
CHACARITA,2014,Abr,302,15
CHACARITA,2014,May,1043,15
CHACARITA,2014,Jun,973,15
CHACARITA,2014,Jul,1080,15
CHACARITA,2014,Ago,1330,15
CHACARITA,2014,Sep,1138,15
CHACARITA,2014,Oct,1070,15
CHACARITA,2014,Nov,945,15
CHACARITA,2014,Dic,1183,15
CHACARITA,2015,Ene,638,15
CHACARITA,2015,Feb,679,15
CHACARITA,2015,Mar,541,15
CHACARITA,2015,Abr,553,15
CHACARITA,2015,May,622,15
CHACARITA,2015,Jun,618,15
CHACARITA,2015,Jul,586,15
CHACARITA,2015,Ago,656,15
CHACARITA,2015,Sep,33,15
CHACARITA,2015,Oct,329,15
CHACARITA,2015,Nov,338,15
CHACARITA,2015,Dic,304,15
CHACARITA,2016,Ene,410,15
CHACARITA,2016,Feb,236,15
CHACARITA,2016,Mar,275,15
CHACARITA,2016,Abr,759,15
CHACARITA,2016,May,851,15
CHACARITA,2016,Jun,647,15
CHACARITA,2016,Jul,334,15
CHACARITA,2016,Ago,626,15
CHACARITA,2016,Sep,858,15
CHACARITA,2016,Oct,769,15
CHACARITA,2016,Nov,820,15
CHACARITA,2016,Dic,1469,15
CHACARITA,2017,Ene,261,15
CHACARITA,2017,Feb,622,15
CHACARITA,2017,Mar,956,15
CHACARITA,2017,Abr,940,15
CHACARITA,2017,May,749,15
CHACARITA,2017,Jun,589,15
CHACARITA,2017,Jul,498,15
CHACARITA,2017,Ago,612,15
CHACARITA,2017,Sep,506,15
CHACARITA,2017,Oct,514,15
CHACARITA,2017,Nov,732,15
CHACARITA,2017,Dic,695,15
CHACARITA,2018,Ene,541,15
CHACARITA,2018,Feb,345,15
CHACARITA,2018,Mar,434,15
CHACARITA,2018,Abr,547,15
CHACARITA,2018,May,466,15
CHACARITA,2018,Jun,729,15
CHACARITA,2018,Jul,227,15
CHACARITA,2018,Ago,487,15
CHACARITA,2018,Sep,321,15
CHACARITA,2018,Oct,604,15
CHACARITA,2018,Nov,601,15
CHACARITA,2018,Dic,336,15
CHACARITA,2019,Ene,870,15
CHACARITA,2019,Feb,373,15
CHACARITA,2019,Mar,732,15
CHACARITA,2019,Abr,702,15
CHACARITA,2019,May,522,15
CHACARITA,2019,Jun,505,15
CHACARITA,2019,Jul,834,15
CHACARITA,2019,Ago,520,15
COGHLAN,2013,Jul,705,12
COGHLAN,2013,Ago,719,12
COGHLAN,2013,Sep,423,12
COGHLAN,2013,Oct,754,12
COGHLAN,2013,Nov,722,12
COGHLAN,2013,Dic,528,12
COGHLAN,2014,Ene,826,12
COGHLAN,2014,Feb,857,12
COGHLAN,2014,Mar,1019,12
COGHLAN,2014,Abr,509,12
COGHLAN,2014,May,1367,12
COGHLAN,2014,Jun,476,12
COGHLAN,2014,Jul,719,12
COGHLAN,2014,Ago,247,12
COGHLAN,2014,Sep,376,12
COGHLAN,2014,Oct,365,12
COGHLAN,2014,Nov,418,12
COGHLAN,2014,Dic,422,12
COGHLAN,2015,Ene,548,12
COGHLAN,2015,Feb,446,12
COGHLAN,2015,Mar,415,12
COGHLAN,2015,Abr,472,12
COGHLAN,2015,May,505,12
COGHLAN,2015,Jun,624,12
COGHLAN,2015,Jul,638,12
COGHLAN,2015,Ago,640,12
COGHLAN,2015,Sep,226,12
COGHLAN,2015,Oct,138,12
COGHLAN,2015,Nov,203,12
COGHLAN,2015,Dic,234,12
COGHLAN,2016,Ene,286,12
COGHLAN,2016,Feb,229,12
COGHLAN,2016,Mar,110,12
COGHLAN,2016,Abr,354,12
COGHLAN,2016,May,311,12
COGHLAN,2016,Jun,359,12
COGHLAN,2016,Jul,187,12
COGHLAN,2016,Ago,692,12
COGHLAN,2016,Sep,437,12
COGHLAN,2016,Oct,391,12
COGHLAN,2016,Nov,288,12
COGHLAN,2016,Dic,287,12
COGHLAN,2017,Ene,394,12
COGHLAN,2017,Feb,204,12
COGHLAN,2017,Mar,508,12
COGHLAN,2017,Abr,379,12
COGHLAN,2017,May,511,12
COGHLAN,2017,Jun,235,12
COGHLAN,2017,Jul,528,12
COGHLAN,2017,Ago,413,12
COGHLAN,2017,Sep,444,12
COGHLAN,2017,Oct,449,12
COGHLAN,2017,Nov,354,12
COGHLAN,2017,Dic,547,12
COGHLAN,2018,Ene,146,12
COGHLAN,2018,Feb,83,12
COGHLAN,2018,Mar,365,12
COGHLAN,2018,Abr,401,12
COGHLAN,2018,May,486,12
COGHLAN,2018,Jun,459,12
COGHLAN,2018,Jul,319,12
COGHLAN,2018,Ago,221,12
COGHLAN,2018,Sep,539,12
COGHLAN,2018,Oct,290,12
COGHLAN,2018,Nov,392,12
COGHLAN,2018,Dic,229,12
COGHLAN,2019,Ene,418,12
COGHLAN,2019,Feb,409,12
COGHLAN,2019,Mar,593,12
COGHLAN,2019,Abr,812,12
COGHLAN,2019,May,341,12
COGHLAN,2019,Jun,390,12
COGHLAN,2019,Jul,256,12
COGHLAN,2019,Ago,233,12
COLEGIALES,2013,Jul,3615,13
COLEGIALES,2013,Ago,3610,13
COLEGIALES,2013,Sep,3449,13
COLEGIALES,2013,Oct,4693,13
COLEGIALES,2013,Nov,4023,13
COLEGIALES,2013,Dic,3549,13
COLEGIALES,2014,Ene,3594,13
COLEGIALES,2014,Feb,4050,13
COLEGIALES,2014,Mar,2776,13
COLEGIALES,2014,Abr,2208,13
COLEGIALES,2014,May,2646,13
COLEGIALES,2014,Jun,2486,13
COLEGIALES,2014,Jul,2594,13
COLEGIALES,2014,Ago,2895,13
COLEGIALES,2014,Sep,1844,13
COLEGIALES,2014,Oct,3215,13
COLEGIALES,2014,Nov,1917,13
COLEGIALES,2014,Dic,1945,13
COLEGIALES,2015,Ene,2162,13
COLEGIALES,2015,Feb,1180,13
COLEGIALES,2015,Mar,1712,13
COLEGIALES,2015,Abr,1832,13
COLEGIALES,2015,May,1878,13
COLEGIALES,2015,Jun,2239,13
COLEGIALES,2015,Jul,2072,13
COLEGIALES,2015,Ago,3529,13
COLEGIALES,2015,Sep,1132,13
COLEGIALES,2015,Oct,1421,13
COLEGIALES,2015,Nov,1611,13
COLEGIALES,2015,Dic,701,13
COLEGIALES,2016,Ene,2074,13
COLEGIALES,2016,Feb,1952,13
COLEGIALES,2016,Mar,1430,13
COLEGIALES,2016,Abr,1452,13
COLEGIALES,2016,May,2105,13
COLEGIALES,2016,Jun,1358,13
COLEGIALES,2016,Jul,1656,13
COLEGIALES,2016,Ago,1904,13
COLEGIALES,2016,Sep,2483,13
COLEGIALES,2016,Oct,1813,13
COLEGIALES,2016,Nov,2420,13
COLEGIALES,2016,Dic,1735,13
COLEGIALES,2017,Ene,1558,13
COLEGIALES,2017,Feb,1657,13
COLEGIALES,2017,Mar,1414,13
COLEGIALES,2017,Abr,1634,13
COLEGIALES,2017,May,2501,13
COLEGIALES,2017,Jun,1631,13
COLEGIALES,2017,Jul,1179,13
COLEGIALES,2017,Ago,1726,13
COLEGIALES,2017,Sep,1898,13
COLEGIALES,2017,Oct,1100,13
COLEGIALES,2017,Nov,1545,13
COLEGIALES,2017,Dic,848,13
COLEGIALES,2018,Ene,1611,13
COLEGIALES,2018,Feb,1212,13
COLEGIALES,2018,Mar,2137,13
COLEGIALES,2018,Abr,940,13
COLEGIALES,2018,May,1594,13
COLEGIALES,2018,Jun,1196,13
COLEGIALES,2018,Jul,2465,13
COLEGIALES,2018,Ago,1559,13
COLEGIALES,2018,Sep,1586,13
COLEGIALES,2018,Oct,2145,13
COLEGIALES,2018,Nov,1155,13
COLEGIALES,2018,Dic,976,13
COLEGIALES,2019,Ene,1569,13
COLEGIALES,2019,Feb,1346,13
COLEGIALES,2019,Mar,1235,13
COLEGIALES,2019,Abr,2155,13
COLEGIALES,2019,May,1180,13
COLEGIALES,2019,Jun,1994,13
COLEGIALES,2019,Jul,1658,13
COLEGIALES,2019,Ago,1977,13
CONSTITUCION,2013,Jul,850,1
CONSTITUCION,2013,Ago,658,1
CONSTITUCION,2013,Sep,975,1
CONSTITUCION,2013,Oct,930,1
CONSTITUCION,2013,Nov,1332,1
CONSTITUCION,2013,Dic,663,1
CONSTITUCION,2014,Ene,525,1
CONSTITUCION,2014,Feb,1047,1
CONSTITUCION,2014,Mar,1133,1
CONSTITUCION,2014,Abr,392,1
CONSTITUCION,2014,May,1049,1
CONSTITUCION,2014,Jun,963,1
CONSTITUCION,2014,Jul,804,1
CONSTITUCION,2014,Ago,738,1
CONSTITUCION,2014,Sep,915,1
CONSTITUCION,2014,Oct,636,1
CONSTITUCION,2014,Nov,861,1
CONSTITUCION,2014,Dic,558,1
CONSTITUCION,2015,Ene,517,1
CONSTITUCION,2015,Feb,431,1
CONSTITUCION,2015,Mar,741,1
CONSTITUCION,2015,Abr,476,1
CONSTITUCION,2015,May,444,1
CONSTITUCION,2015,Jun,732,1
CONSTITUCION,2015,Jul,409,1
CONSTITUCION,2015,Ago,369,1
CONSTITUCION,2015,Sep,418,1
CONSTITUCION,2015,Oct,836,1
CONSTITUCION,2015,Nov,591,1
CONSTITUCION,2015,Dic,362,1
CONSTITUCION,2016,Ene,784,1
CONSTITUCION,2016,Feb,453,1
CONSTITUCION,2016,Mar,451,1
CONSTITUCION,2016,Abr,457,1
CONSTITUCION,2016,May,226,1
CONSTITUCION,2016,Jun,814,1
CONSTITUCION,2016,Jul,342,1
CONSTITUCION,2016,Ago,972,1
CONSTITUCION,2016,Sep,591,1
CONSTITUCION,2016,Oct,373,1
CONSTITUCION,2016,Nov,766,1
CONSTITUCION,2016,Dic,214,1
CONSTITUCION,2017,Ene,660,1
CONSTITUCION,2017,Feb,327,1
CONSTITUCION,2017,Mar,669,1
CONSTITUCION,2017,Abr,521,1
CONSTITUCION,2017,May,299,1
CONSTITUCION,2017,Jun,1133,1
CONSTITUCION,2017,Jul,316,1
CONSTITUCION,2017,Ago,810,1
CONSTITUCION,2017,Sep,339,1
CONSTITUCION,2017,Oct,364,1
CONSTITUCION,2017,Nov,372,1
CONSTITUCION,2017,Dic,238,1
CONSTITUCION,2018,Ene,377,1
CONSTITUCION,2018,Feb,301,1
CONSTITUCION,2018,Mar,399,1
CONSTITUCION,2018,Abr,240,1
CONSTITUCION,2018,May,808,1
CONSTITUCION,2018,Jun,171,1
CONSTITUCION,2018,Jul,440,1
CONSTITUCION,2018,Ago,425,1
CONSTITUCION,2018,Sep,288,1
CONSTITUCION,2018,Oct,355,1
CONSTITUCION,2018,Nov,237,1
CONSTITUCION,2018,Dic,162,1
CONSTITUCION,2019,Ene,195,1
CONSTITUCION,2019,Feb,615,1
CONSTITUCION,2019,Mar,512,1
CONSTITUCION,2019,Abr,571,1
CONSTITUCION,2019,May,654,1
CONSTITUCION,2019,Jun,521,1
CONSTITUCION,2019,Jul,447,1
CONSTITUCION,2019,Ago,395,1
FLORES,2013,Jul,4200,7
FLORES,2013,Ago,3121,7
FLORES,2013,Sep,3279,7
FLORES,2013,Oct,4056,7
FLORES,2013,Nov,3469,7
FLORES,2013,Dic,4121,7
FLORES,2014,Ene,2225,7
FLORES,2014,Feb,4888,7
FLORES,2014,Mar,4495,7
FLORES,2014,Abr,2461,7
FLORES,2014,May,5432,7
FLORES,2014,Jun,4711,7
FLORES,2014,Jul,5077,7
FLORES,2014,Ago,4164,7
FLORES,2014,Sep,4905,7
FLORES,2014,Oct,4808,7
FLORES,2014,Nov,4646,7
FLORES,2014,Dic,3522,7
FLORES,2015,Ene,3653,7
FLORES,2015,Feb,4053,7
FLORES,2015,Mar,3855,7
FLORES,2015,Abr,3401,7
FLORES,2015,May,3551,7
FLORES,2015,Jun,4146,7
FLORES,2015,Jul,3535,7
FLORES,2015,Ago,2613,7
FLORES,2015,Sep,2577,7
FLORES,2015,Oct,2482,7
FLORES,2015,Nov,1663,7
FLORES,2015,Dic,1263,7
FLORES,2016,Ene,1478,7
FLORES,2016,Feb,1893,7
FLORES,2016,Mar,3265,7
FLORES,2016,Abr,2478,7
FLORES,2016,May,2803,7
FLORES,2016,Jun,2043,7
FLORES,2016,Jul,2320,7
FLORES,2016,Ago,2436,7
FLORES,2016,Sep,3017,7
FLORES,2016,Oct,2577,7
FLORES,2016,Nov,2583,7
FLORES,2016,Dic,3023,7
FLORES,2017,Ene,2758,7
FLORES,2017,Feb,2489,7
FLORES,2017,Mar,1974,7
FLORES,2017,Abr,1980,7
FLORES,2017,May,2832,7
FLORES,2017,Jun,2116,7
FLORES,2017,Jul,2366,7
FLORES,2017,Ago,2283,7
FLORES,2017,Sep,1715,7
FLORES,2017,Oct,1280,7
FLORES,2017,Nov,2141,7
FLORES,2017,Dic,2310,7
FLORES,2018,Ene,1414,7
FLORES,2018,Feb,1800,7
FLORES,2018,Mar,2642,7
FLORES,2018,Abr,2252,7
FLORES,2018,May,2190,7
FLORES,2018,Jun,3004,7
FLORES,2018,Jul,2864,7
FLORES,2018,Ago,2577,7
FLORES,2018,Sep,2292,7
FLORES,2018,Oct,2626,7
FLORES,2018,Nov,2696,7
FLORES,2018,Dic,2155,7
FLORES,2019,Ene,1811,7
FLORES,2019,Feb,2780,7
FLORES,2019,Mar,2255,7
FLORES,2019,Abr,2244,7
FLORES,2019,May,2614,7
FLORES,2019,Jun,2356,7
FLORES,2019,Jul,2324,7
FLORES,2019,Ago,2659,7
FLORESTA,2013,Jul,1098,10
FLORESTA,2013,Ago,1022,10
FLORESTA,2013,Sep,1823,10
FLORESTA,2013,Oct,2772,10
FLORESTA,2013,Nov,859,10
FLORESTA,2013,Dic,1226,10
FLORESTA,2014,Ene,1094,10
FLORESTA,2014,Feb,1030,10
FLORESTA,2014,Mar,1496,10
FLORESTA,2014,Abr,1106,10
FLORESTA,2014,May,1974,10
FLORESTA,2014,Jun,995,10
FLORESTA,2014,Jul,1191,10
FLORESTA,2014,Ago,1010,10
FLORESTA,2014,Sep,1153,10
FLORESTA,2014,Oct,1094,10
FLORESTA,2014,Nov,1098,10
FLORESTA,2014,Dic,682,10
FLORESTA,2015,Ene,544,10
FLORESTA,2015,Feb,805,10
FLORESTA,2015,Mar,927,10
FLORESTA,2015,Abr,608,10
FLORESTA,2015,May,740,10
FLORESTA,2015,Jun,1443,10
FLORESTA,2015,Jul,1708,10
FLORESTA,2015,Ago,1305,10
FLORESTA,2015,Sep,638,10
FLORESTA,2015,Oct,263,10
FLORESTA,2015,Nov,322,10
FLORESTA,2015,Dic,420,10
FLORESTA,2016,Ene,100,10
FLORESTA,2016,Feb,658,10
FLORESTA,2016,Mar,622,10
FLORESTA,2016,Abr,676,10
FLORESTA,2016,May,630,10
FLORESTA,2016,Jun,703,10
FLORESTA,2016,Jul,666,10
FLORESTA,2016,Ago,710,10
FLORESTA,2016,Sep,492,10
FLORESTA,2016,Oct,1022,10
FLORESTA,2016,Nov,741,10
FLORESTA,2016,Dic,758,10
FLORESTA,2017,Ene,546,10
FLORESTA,2017,Feb,805,10
FLORESTA,2017,Mar,361,10
FLORESTA,2017,Abr,814,10
FLORESTA,2017,May,565,10
FLORESTA,2017,Jun,713,10
FLORESTA,2017,Jul,787,10
FLORESTA,2017,Ago,740,10
FLORESTA,2017,Sep,477,10
FLORESTA,2017,Oct,359,10
FLORESTA,2017,Nov,700,10
FLORESTA,2017,Dic,322,10
FLORESTA,2018,Ene,378,10
FLORESTA,2018,Feb,366,10
FLORESTA,2018,Mar,751,10
FLORESTA,2018,Abr,505,10
FLORESTA,2018,May,548,10
FLORESTA,2018,Jun,345,10
FLORESTA,2018,Jul,550,10
FLORESTA,2018,Ago,491,10
FLORESTA,2018,Sep,432,10
FLORESTA,2018,Oct,880,10
FLORESTA,2018,Nov,421,10
FLORESTA,2018,Dic,387,10
FLORESTA,2019,Ene,806,10
FLORESTA,2019,Feb,536,10
FLORESTA,2019,Mar,695,10
FLORESTA,2019,Abr,404,10
FLORESTA,2019,May,527,10
FLORESTA,2019,Jun,525,10
FLORESTA,2019,Jul,500,10
FLORESTA,2019,Ago,474,10
PATERNAL,2013,Jul,98,15
PATERNAL,2013,Ago,160,15
PATERNAL,2013,Sep,130,15
PATERNAL,2013,Oct,402,15
PATERNAL,2013,Nov,189,15
PATERNAL,2013,Dic,481,15
PATERNAL,2014,Ene,161,15
PATERNAL,2014,Feb,591,15
PATERNAL,2014,Mar,280,15
PATERNAL,2014,Abr,171,15
PATERNAL,2014,May,428,15
PATERNAL,2014,Jun,136,15
PATERNAL,2014,Jul,398,15
PATERNAL,2014,Ago,129,15
PATERNAL,2014,Sep,249,15
PATERNAL,2014,Oct,213,15
PATERNAL,2014,Nov,260,15
PATERNAL,2014,Dic,522,15
PATERNAL,2015,Ene,335,15
PATERNAL,2015,Feb,107,15
PATERNAL,2015,Mar,131,15
PATERNAL,2015,Abr,242,15
PATERNAL,2015,May,189,15
PATERNAL,2015,Jun,251,15
PATERNAL,2015,Jul,252,15
PATERNAL,2015,Ago,42,15
PATERNAL,2015,Sep,74,15
PATERNAL,2015,Oct,0,15
PATERNAL,2015,Nov,36,15
PATERNAL,2015,Dic,38,15
PATERNAL,2016,Ene,92,15
PATERNAL,2016,Feb,111,15
PATERNAL,2016,Mar,133,15
PATERNAL,2016,Abr,89,15
PATERNAL,2016,May,187,15
PATERNAL,2016,Jun,0,15
PATERNAL,2016,Jul,217,15
PATERNAL,2016,Ago,171,15
PATERNAL,2016,Sep,0,15
PATERNAL,2016,Oct,139,15
PATERNAL,2016,Nov,169,15
PATERNAL,2016,Dic,165,15
PATERNAL,2017,Ene,140,15
PATERNAL,2017,Feb,78,15
PATERNAL,2017,Mar,114,15
PATERNAL,2017,Abr,309,15
PATERNAL,2017,May,147,15
PATERNAL,2017,Jun,152,15
PATERNAL,2017,Jul,276,15
PATERNAL,2017,Ago,25,15
PATERNAL,2017,Sep,64,15
PATERNAL,2017,Oct,34,15
PATERNAL,2017,Nov,35,15
PATERNAL,2017,Dic,30,15
PATERNAL,2018,Ene,172,15
PATERNAL,2018,Feb,0,15
PATERNAL,2018,Mar,54,15
PATERNAL,2018,Abr,86,15
PATERNAL,2018,May,147,15
PATERNAL,2018,Jun,94,15
PATERNAL,2018,Jul,109,15
PATERNAL,2018,Ago,0,15
PATERNAL,2018,Sep,33,15
PATERNAL,2018,Oct,202,15
PATERNAL,2018,Nov,121,15
PATERNAL,2018,Dic,160,15
PATERNAL,2019,Ene,60,15
PATERNAL,2019,Feb,144,15
PATERNAL,2019,Mar,217,15
PATERNAL,2019,Abr,79,15
PATERNAL,2019,May,136,15
PATERNAL,2019,Jun,84,15
PATERNAL,2019,Jul,52,15
PATERNAL,2019,Ago,0,15
LINIERS,2013,Jul,427,9
LINIERS,2013,Ago,1005,9
LINIERS,2013,Sep,472,9
LINIERS,2013,Oct,552,9
LINIERS,2013,Nov,618,9
LINIERS,2013,Dic,638,9
LINIERS,2014,Ene,754,9
LINIERS,2014,Feb,989,9
LINIERS,2014,Mar,941,9
LINIERS,2014,Abr,544,9
LINIERS,2014,May,426,9
LINIERS,2014,Jun,429,9
LINIERS,2014,Jul,245,9
LINIERS,2014,Ago,226,9
LINIERS,2014,Sep,429,9
LINIERS,2014,Oct,418,9
LINIERS,2014,Nov,673,9
LINIERS,2014,Dic,575,9
LINIERS,2015,Ene,461,9
LINIERS,2015,Feb,717,9
LINIERS,2015,Mar,523,9
LINIERS,2015,Abr,380,9
LINIERS,2015,May,583,9
LINIERS,2015,Jun,589,9
LINIERS,2015,Jul,590,9
LINIERS,2015,Ago,581,9
LINIERS,2015,Sep,236,9
LINIERS,2015,Oct,459,9
LINIERS,2015,Nov,162,9
LINIERS,2015,Dic,548,9
LINIERS,2016,Ene,202,9
LINIERS,2016,Feb,178,9
LINIERS,2016,Mar,333,9
LINIERS,2016,Abr,511,9
LINIERS,2016,May,444,9
LINIERS,2016,Jun,656,9
LINIERS,2016,Jul,343,9
LINIERS,2016,Ago,398,9
LINIERS,2016,Sep,306,9
LINIERS,2016,Oct,455,9
LINIERS,2016,Nov,430,9
LINIERS,2016,Dic,430,9
LINIERS,2017,Ene,526,9
LINIERS,2017,Feb,341,9
LINIERS,2017,Mar,501,9
LINIERS,2017,Abr,611,9
LINIERS,2017,May,506,9
LINIERS,2017,Jun,627,9
LINIERS,2017,Jul,273,9
LINIERS,2017,Ago,722,9
LINIERS,2017,Sep,955,9
LINIERS,2017,Oct,321,9
LINIERS,2017,Nov,297,9
LINIERS,2017,Dic,859,9
LINIERS,2018,Ene,446,9
LINIERS,2018,Feb,40,9
LINIERS,2018,Mar,134,9
LINIERS,2018,Abr,437,9
LINIERS,2018,May,511,9
LINIERS,2018,Jun,700,9
LINIERS,2018,Jul,205,9
LINIERS,2018,Ago,377,9
LINIERS,2018,Sep,697,9
LINIERS,2018,Oct,405,9
LINIERS,2018,Nov,679,9
LINIERS,2018,Dic,290,9
LINIERS,2019,Ene,941,9
LINIERS,2019,Feb,804,9
LINIERS,2019,Mar,781,9
LINIERS,2019,Abr,699,9
LINIERS,2019,May,927,9
LINIERS,2019,Jun,806,9
LINIERS,2019,Jul,340,9
LINIERS,2019,Ago,491,9
MATADEROS,2013,Jul,266,9
MATADEROS,2013,Ago,616,9
MATADEROS,2013,Sep,260,9
MATADEROS,2013,Oct,801,9
MATADEROS,2013,Nov,388,9
MATADEROS,2013,Dic,125,9
MATADEROS,2014,Ene,221,9
MATADEROS,2014,Feb,292,9
MATADEROS,2014,Mar,150,9
MATADEROS,2014,Abr,170,9
MATADEROS,2014,May,269,9
MATADEROS,2014,Jun,337,9
MATADEROS,2014,Jul,230,9
MATADEROS,2014,Ago,340,9
MATADEROS,2014,Sep,219,9
MATADEROS,2014,Oct,323,9
MATADEROS,2014,Nov,257,9
MATADEROS,2014,Dic,241,9
MATADEROS,2015,Ene,349,9
MATADEROS,2015,Feb,391,9
MATADEROS,2015,Mar,219,9
MATADEROS,2015,Abr,299,9
MATADEROS,2015,May,260,9
MATADEROS,2015,Jun,382,9
MATADEROS,2015,Jul,394,9
MATADEROS,2015,Ago,246,9
MATADEROS,2015,Sep,169,9
MATADEROS,2015,Oct,165,9
MATADEROS,2015,Nov,36,9
MATADEROS,2015,Dic,260,9
MATADEROS,2016,Ene,70,9
MATADEROS,2016,Feb,183,9
MATADEROS,2016,Mar,192,9
MATADEROS,2016,Abr,397,9
MATADEROS,2016,May,480,9
MATADEROS,2016,Jun,186,9
MATADEROS,2016,Jul,85,9
MATADEROS,2016,Ago,117,9
MATADEROS,2016,Sep,175,9
MATADEROS,2016,Oct,223,9
MATADEROS,2016,Nov,290,9
MATADEROS,2016,Dic,162,9
MATADEROS,2017,Ene,193,9
MATADEROS,2017,Feb,186,9
MATADEROS,2017,Mar,474,9
MATADEROS,2017,Abr,541,9
MATADEROS,2017,May,400,9
MATADEROS,2017,Jun,121,9
MATADEROS,2017,Jul,385,9
MATADEROS,2017,Ago,315,9
MATADEROS,2017,Sep,325,9
MATADEROS,2017,Oct,156,9
MATADEROS,2017,Nov,124,9
MATADEROS,2017,Dic,451,9
MATADEROS,2018,Ene,95,9
MATADEROS,2018,Feb,126,9
MATADEROS,2018,Mar,292,9
MATADEROS,2018,Abr,344,9
MATADEROS,2018,May,161,9
MATADEROS,2018,Jun,309,9
MATADEROS,2018,Jul,300,9
MATADEROS,2018,Ago,301,9
MATADEROS,2018,Sep,235,9
MATADEROS,2018,Oct,130,9
MATADEROS,2018,Nov,552,9
MATADEROS,2018,Dic,173,9
MATADEROS,2019,Ene,578,9
MATADEROS,2019,Feb,361,9
MATADEROS,2019,Mar,556,9
MATADEROS,2019,Abr,118,9
MATADEROS,2019,May,311,9
MATADEROS,2019,Jun,440,9
MATADEROS,2019,Jul,87,9
MATADEROS,2019,Ago,276,9
MONTE CASTRO,2013,Jul,435,10
MONTE CASTRO,2013,Ago,482,10
MONTE CASTRO,2013,Sep,369,10
MONTE CASTRO,2013,Oct,894,10
MONTE CASTRO,2013,Nov,439,10
MONTE CASTRO,2013,Dic,769,10
MONTE CASTRO,2014,Ene,277,10
MONTE CASTRO,2014,Feb,753,10
MONTE CASTRO,2014,Mar,622,10
MONTE CASTRO,2014,Abr,319,10
MONTE CASTRO,2014,May,746,10
MONTE CASTRO,2014,Jun,775,10
MONTE CASTRO,2014,Jul,642,10
MONTE CASTRO,2014,Ago,740,10
MONTE CASTRO,2014,Sep,427,10
MONTE CASTRO,2014,Oct,812,10
MONTE CASTRO,2014,Nov,650,10
MONTE CASTRO,2014,Dic,523,10
MONTE CASTRO,2015,Ene,200,10
MONTE CASTRO,2015,Feb,529,10
MONTE CASTRO,2015,Mar,225,10
MONTE CASTRO,2015,Abr,364,10
MONTE CASTRO,2015,May,467,10
MONTE CASTRO,2015,Jun,815,10
MONTE CASTRO,2015,Jul,616,10
MONTE CASTRO,2015,Ago,502,10
MONTE CASTRO,2015,Sep,476,10
MONTE CASTRO,2015,Oct,638,10
MONTE CASTRO,2015,Nov,195,10
MONTE CASTRO,2015,Dic,253,10
MONTE CASTRO,2016,Ene,320,10
MONTE CASTRO,2016,Feb,279,10
MONTE CASTRO,2016,Mar,361,10
MONTE CASTRO,2016,Abr,638,10
MONTE CASTRO,2016,May,401,10
MONTE CASTRO,2016,Jun,620,10
MONTE CASTRO,2016,Jul,143,10
MONTE CASTRO,2016,Ago,294,10
MONTE CASTRO,2016,Sep,746,10
MONTE CASTRO,2016,Oct,419,10
MONTE CASTRO,2016,Nov,543,10
MONTE CASTRO,2016,Dic,469,10
MONTE CASTRO,2017,Ene,444,10
MONTE CASTRO,2017,Feb,250,10
MONTE CASTRO,2017,Mar,389,10
MONTE CASTRO,2017,Abr,534,10
MONTE CASTRO,2017,May,256,10
MONTE CASTRO,2017,Jun,649,10
MONTE CASTRO,2017,Jul,276,10
MONTE CASTRO,2017,Ago,417,10
MONTE CASTRO,2017,Sep,227,10
MONTE CASTRO,2017,Oct,259,10
MONTE CASTRO,2017,Nov,531,10
MONTE CASTRO,2017,Dic,790,10
MONTE CASTRO,2018,Ene,384,10
MONTE CASTRO,2018,Feb,239,10
MONTE CASTRO,2018,Mar,353,10
MONTE CASTRO,2018,Abr,553,10
MONTE CASTRO,2018,May,546,10
MONTE CASTRO,2018,Jun,393,10
MONTE CASTRO,2018,Jul,527,10
MONTE CASTRO,2018,Ago,477,10
MONTE CASTRO,2018,Sep,370,10
MONTE CASTRO,2018,Oct,443,10
MONTE CASTRO,2018,Nov,437,10
MONTE CASTRO,2018,Dic,299,10
MONTE CASTRO,2019,Ene,701,10
MONTE CASTRO,2019,Feb,458,10
MONTE CASTRO,2019,Mar,669,10
MONTE CASTRO,2019,Abr,347,10
MONTE CASTRO,2019,May,623,10
MONTE CASTRO,2019,Jun,397,10
MONTE CASTRO,2019,Jul,453,10
MONTE CASTRO,2019,Ago,856,10
MONSERRAT,2013,Jul,2041,1
MONSERRAT,2013,Ago,1853,1
MONSERRAT,2013,Sep,1589,1
MONSERRAT,2013,Oct,2330,1
MONSERRAT,2013,Nov,1502,1
MONSERRAT,2013,Dic,1500,1
MONSERRAT,2014,Ene,950,1
MONSERRAT,2014,Feb,1579,1
MONSERRAT,2014,Mar,1017,1
MONSERRAT,2014,Abr,1067,1
MONSERRAT,2014,May,1125,1
MONSERRAT,2014,Jun,737,1
MONSERRAT,2014,Jul,1848,1
MONSERRAT,2014,Ago,1170,1
MONSERRAT,2014,Sep,1420,1
MONSERRAT,2014,Oct,1242,1
MONSERRAT,2014,Nov,1127,1
MONSERRAT,2014,Dic,604,1
MONSERRAT,2015,Ene,786,1
MONSERRAT,2015,Feb,886,1
MONSERRAT,2015,Mar,515,1
MONSERRAT,2015,Abr,907,1
MONSERRAT,2015,May,1153,1
MONSERRAT,2015,Jun,1360,1
MONSERRAT,2015,Jul,1049,1
MONSERRAT,2015,Ago,1520,1
MONSERRAT,2015,Sep,397,1
MONSERRAT,2015,Oct,890,1
MONSERRAT,2015,Nov,855,1
MONSERRAT,2015,Dic,632,1
MONSERRAT,2016,Ene,705,1
MONSERRAT,2016,Feb,1030,1
MONSERRAT,2016,Mar,943,1
MONSERRAT,2016,Abr,1113,1
MONSERRAT,2016,May,927,1
MONSERRAT,2016,Jun,954,1
MONSERRAT,2016,Jul,1142,1
MONSERRAT,2016,Ago,868,1
MONSERRAT,2016,Sep,1364,1
MONSERRAT,2016,Oct,1382,1
MONSERRAT,2016,Nov,1005,1
MONSERRAT,2016,Dic,1513,1
MONSERRAT,2017,Ene,1275,1
MONSERRAT,2017,Feb,885,1
MONSERRAT,2017,Mar,1243,1
MONSERRAT,2017,Abr,985,1
MONSERRAT,2017,May,895,1
MONSERRAT,2017,Jun,749,1
MONSERRAT,2017,Jul,1164,1
MONSERRAT,2017,Ago,573,1
MONSERRAT,2017,Sep,523,1
MONSERRAT,2017,Oct,311,1
MONSERRAT,2017,Nov,379,1
MONSERRAT,2017,Dic,814,1
MONSERRAT,2018,Ene,652,1
MONSERRAT,2018,Feb,496,1
MONSERRAT,2018,Mar,1117,1
MONSERRAT,2018,Abr,772,1
MONSERRAT,2018,May,738,1
MONSERRAT,2018,Jun,629,1
MONSERRAT,2018,Jul,1285,1
MONSERRAT,2018,Ago,873,1
MONSERRAT,2018,Sep,976,1
MONSERRAT,2018,Oct,758,1
MONSERRAT,2018,Nov,529,1
MONSERRAT,2018,Dic,920,1
MONSERRAT,2019,Ene,746,1
MONSERRAT,2019,Feb,683,1
MONSERRAT,2019,Mar,1033,1
MONSERRAT,2019,Abr,1174,1
MONSERRAT,2019,May,1169,1
MONSERRAT,2019,Jun,1270,1
MONSERRAT,2019,Jul,711,1
MONSERRAT,2019,Ago,1211,1
NUEVA POMPEYA,2013,Jul,202,4
NUEVA POMPEYA,2013,Ago,367,4
NUEVA POMPEYA,2013,Sep,247,4
NUEVA POMPEYA,2013,Oct,521,4
NUEVA POMPEYA,2013,Nov,97,4
NUEVA POMPEYA,2013,Dic,487,4
NUEVA POMPEYA,2014,Ene,117,4
NUEVA POMPEYA,2014,Feb,378,4
NUEVA POMPEYA,2014,Mar,442,4
NUEVA POMPEYA,2014,Abr,117,4
NUEVA POMPEYA,2014,May,326,4
NUEVA POMPEYA,2014,Jun,289,4
NUEVA POMPEYA,2014,Jul,423,4
NUEVA POMPEYA,2014,Ago,155,4
NUEVA POMPEYA,2014,Sep,0,4
NUEVA POMPEYA,2014,Oct,283,4
NUEVA POMPEYA,2014,Nov,693,4
NUEVA POMPEYA,2014,Dic,429,4
NUEVA POMPEYA,2015,Ene,35,4
NUEVA POMPEYA,2015,Feb,78,4
NUEVA POMPEYA,2015,Mar,276,4
NUEVA POMPEYA,2015,Abr,206,4
NUEVA POMPEYA,2015,May,146,4
NUEVA POMPEYA,2015,Jun,105,4
NUEVA POMPEYA,2015,Jul,118,4
NUEVA POMPEYA,2015,Ago,0,4
NUEVA POMPEYA,2015,Sep,201,4
NUEVA POMPEYA,2015,Oct,320,4
NUEVA POMPEYA,2015,Nov,147,4
NUEVA POMPEYA,2015,Dic,170,4
NUEVA POMPEYA,2016,Ene,110,4
NUEVA POMPEYA,2016,Feb,110,4
NUEVA POMPEYA,2016,Mar,62,4
NUEVA POMPEYA,2016,Abr,50,4
NUEVA POMPEYA,2016,May,51,4
NUEVA POMPEYA,2016,Jun,55,4
NUEVA POMPEYA,2016,Jul,71,4
NUEVA POMPEYA,2016,Ago,46,4
NUEVA POMPEYA,2016,Sep,126,4
NUEVA POMPEYA,2016,Oct,94,4
NUEVA POMPEYA,2016,Nov,105,4
NUEVA POMPEYA,2016,Dic,249,4
NUEVA POMPEYA,2017,Ene,134,4
NUEVA POMPEYA,2017,Feb,50,4
NUEVA POMPEYA,2017,Mar,36,4
NUEVA POMPEYA,2017,Abr,260,4
NUEVA POMPEYA,2017,May,128,4
NUEVA POMPEYA,2017,Jun,0,4
NUEVA POMPEYA,2017,Jul,120,4
NUEVA POMPEYA,2017,Ago,156,4
NUEVA POMPEYA,2017,Sep,123,4
NUEVA POMPEYA,2017,Oct,66,4
NUEVA POMPEYA,2017,Nov,73,4
NUEVA POMPEYA,2017,Dic,0,4
NUEVA POMPEYA,2018,Ene,200,4
NUEVA POMPEYA,2018,Feb,109,4
NUEVA POMPEYA,2018,Mar,130,4
NUEVA POMPEYA,2018,Abr,46,4
NUEVA POMPEYA,2018,May,123,4
NUEVA POMPEYA,2018,Jun,253,4
NUEVA POMPEYA,2018,Jul,201,4
NUEVA POMPEYA,2018,Ago,124,4
NUEVA POMPEYA,2018,Sep,104,4
NUEVA POMPEYA,2018,Oct,96,4
NUEVA POMPEYA,2018,Nov,55,4
NUEVA POMPEYA,2018,Dic,108,4
NUEVA POMPEYA,2019,Ene,0,4
NUEVA POMPEYA,2019,Feb,34,4
NUEVA POMPEYA,2019,Mar,0,4
NUEVA POMPEYA,2019,Abr,114,4
NUEVA POMPEYA,2019,May,106,4
NUEVA POMPEYA,2019,Jun,73,4
NUEVA POMPEYA,2019,Jul,118,4
NUEVA POMPEYA,2019,Ago,205,4
NUÑEZ,2013,Jul,3728,13
NUÑEZ,2013,Ago,3281,13
NUÑEZ,2013,Sep,3358,13
NUÑEZ,2013,Oct,4118,13
NUÑEZ,2013,Nov,4502,13
NUÑEZ,2013,Dic,4823,13
NUÑEZ,2014,Ene,3479,13
NUÑEZ,2014,Feb,4767,13
NUÑEZ,2014,Mar,4551,13
NUÑEZ,2014,Abr,2618,13
NUÑEZ,2014,May,3715,13
NUÑEZ,2014,Jun,4076,13
NUÑEZ,2014,Jul,3846,13
NUÑEZ,2014,Ago,3581,13
NUÑEZ,2014,Sep,3697,13
NUÑEZ,2014,Oct,3723,13
NUÑEZ,2014,Nov,3053,13
NUÑEZ,2014,Dic,3474,13
NUÑEZ,2015,Ene,3500,13
NUÑEZ,2015,Feb,3111,13
NUÑEZ,2015,Mar,2326,13
NUÑEZ,2015,Abr,2602,13
NUÑEZ,2015,May,3544,13
NUÑEZ,2015,Jun,4662,13
NUÑEZ,2015,Jul,3658,13
NUÑEZ,2015,Ago,4655,13
NUÑEZ,2015,Sep,1862,13
NUÑEZ,2015,Oct,2424,13
NUÑEZ,2015,Nov,2065,13
NUÑEZ,2015,Dic,2447,13
NUÑEZ,2016,Ene,1919,13
NUÑEZ,2016,Feb,2399,13
NUÑEZ,2016,Mar,2623,13
NUÑEZ,2016,Abr,2279,13
NUÑEZ,2016,May,2063,13
NUÑEZ,2016,Jun,2151,13
NUÑEZ,2016,Jul,2051,13
NUÑEZ,2016,Ago,2472,13
NUÑEZ,2016,Sep,2625,13
NUÑEZ,2016,Oct,2116,13
NUÑEZ,2016,Nov,2147,13
NUÑEZ,2016,Dic,2229,13
NUÑEZ,2017,Ene,2405,13
NUÑEZ,2017,Feb,2679,13
NUÑEZ,2017,Mar,2143,13
NUÑEZ,2017,Abr,3521,13
NUÑEZ,2017,May,3044,13
NUÑEZ,2017,Jun,2061,13
NUÑEZ,2017,Jul,3307,13
NUÑEZ,2017,Ago,2894,13
NUÑEZ,2017,Sep,2428,13
NUÑEZ,2017,Oct,2166,13
NUÑEZ,2017,Nov,2257,13
NUÑEZ,2017,Dic,2220,13
NUÑEZ,2018,Ene,2568,13
NUÑEZ,2018,Feb,2079,13
NUÑEZ,2018,Mar,1759,13
NUÑEZ,2018,Abr,1626,13
NUÑEZ,2018,May,1640,13
NUÑEZ,2018,Jun,2292,13
NUÑEZ,2018,Jul,1765,13
NUÑEZ,2018,Ago,2004,13
NUÑEZ,2018,Sep,2617,13
NUÑEZ,2018,Oct,2425,13
NUÑEZ,2018,Nov,2283,13
NUÑEZ,2018,Dic,2246,13
NUÑEZ,2019,Ene,1988,13
NUÑEZ,2019,Feb,1967,13
NUÑEZ,2019,Mar,2310,13
NUÑEZ,2019,Abr,2327,13
NUÑEZ,2019,May,3347,13
NUÑEZ,2019,Jun,1986,13
NUÑEZ,2019,Jul,2141,13
NUÑEZ,2019,Ago,2216,13
PALERMO,2013,Jul,21294,14
PALERMO,2013,Ago,15584,14
PALERMO,2013,Sep,19075,14
PALERMO,2013,Oct,22029,14
PALERMO,2013,Nov,17705,14
PALERMO,2013,Dic,16234,14
PALERMO,2014,Ene,12011,14
PALERMO,2014,Feb,16646,14
PALERMO,2014,Mar,15378,14
PALERMO,2014,Abr,8188,14
PALERMO,2014,May,16564,14
PALERMO,2014,Jun,13968,14
PALERMO,2014,Jul,17594,14
PALERMO,2014,Ago,14437,14
PALERMO,2014,Sep,15030,14
PALERMO,2014,Oct,18950,14
PALERMO,2014,Nov,14923,14
PALERMO,2014,Dic,10034,14
PALERMO,2015,Ene,9358,14
PALERMO,2015,Feb,9853,14
PALERMO,2015,Mar,9522,14
PALERMO,2015,Abr,11227,14
PALERMO,2015,May,12259,14
PALERMO,2015,Jun,16307,14
PALERMO,2015,Jul,16535,14
PALERMO,2015,Ago,14962,14
PALERMO,2015,Sep,7712,14
PALERMO,2015,Oct,8381,14
PALERMO,2015,Nov,9441,14
PALERMO,2015,Dic,10034,14
PALERMO,2016,Ene,11704,14
PALERMO,2016,Feb,10119,14
PALERMO,2016,Mar,12235,14
PALERMO,2016,Abr,11069,14
PALERMO,2016,May,13125,14
PALERMO,2016,Jun,11299,14
PALERMO,2016,Jul,11629,14
PALERMO,2016,Ago,12784,14
PALERMO,2016,Sep,14864,14
PALERMO,2016,Oct,13886,14
PALERMO,2016,Nov,13362,14
PALERMO,2016,Dic,13308,14
PALERMO,2017,Ene,9608,14
PALERMO,2017,Feb,10483,14
PALERMO,2017,Mar,11070,14
PALERMO,2017,Abr,12939,14
PALERMO,2017,May,12837,14
PALERMO,2017,Jun,12164,14
PALERMO,2017,Jul,12480,14
PALERMO,2017,Ago,12285,14
PALERMO,2017,Sep,9549,14
PALERMO,2017,Oct,9978,14
PALERMO,2017,Nov,8967,14
PALERMO,2017,Dic,9835,14
PALERMO,2018,Ene,9388,14
PALERMO,2018,Feb,8396,14
PALERMO,2018,Mar,9823,14
PALERMO,2018,Abr,8836,14
PALERMO,2018,May,11205,14
PALERMO,2018,Jun,8433,14
PALERMO,2018,Jul,11295,14
PALERMO,2018,Ago,13870,14
PALERMO,2018,Sep,8560,14
PALERMO,2018,Oct,8549,14
PALERMO,2018,Nov,10832,14
PALERMO,2018,Dic,7741,14
PALERMO,2019,Ene,10333,14
PALERMO,2019,Feb,10240,14
PALERMO,2019,Mar,9942,14
PALERMO,2019,Abr,10186,14
PALERMO,2019,May,10574,14
PALERMO,2019,Jun,10919,14
PALERMO,2019,Jul,11064,14
PALERMO,2019,Ago,12101,14
PARQUE AVELLANEDA,2013,Jul,381,9
PARQUE AVELLANEDA,2013,Ago,260,9
PARQUE AVELLANEDA,2013,Sep,109,9
PARQUE AVELLANEDA,2013,Oct,271,9
PARQUE AVELLANEDA,2013,Nov,0,9
PARQUE AVELLANEDA,2013,Dic,265,9
PARQUE AVELLANEDA,2014,Ene,132,9
PARQUE AVELLANEDA,2014,Feb,243,9
PARQUE AVELLANEDA,2014,Mar,164,9
PARQUE AVELLANEDA,2014,Abr,60,9
PARQUE AVELLANEDA,2014,May,448,9
PARQUE AVELLANEDA,2014,Jun,192,9
PARQUE AVELLANEDA,2014,Jul,337,9
PARQUE AVELLANEDA,2014,Ago,471,9
PARQUE AVELLANEDA,2014,Sep,282,9
PARQUE AVELLANEDA,2014,Oct,340,9
PARQUE AVELLANEDA,2014,Nov,160,9
PARQUE AVELLANEDA,2014,Dic,385,9
PARQUE AVELLANEDA,2015,Ene,205,9
PARQUE AVELLANEDA,2015,Feb,220,9
PARQUE AVELLANEDA,2015,Mar,255,9
PARQUE AVELLANEDA,2015,Abr,101,9
PARQUE AVELLANEDA,2015,May,143,9
PARQUE AVELLANEDA,2015,Jun,163,9
PARQUE AVELLANEDA,2015,Jul,71,9
PARQUE AVELLANEDA,2015,Ago,263,9
PARQUE AVELLANEDA,2015,Sep,505,9
PARQUE AVELLANEDA,2015,Oct,32,9
PARQUE AVELLANEDA,2015,Nov,110,9
PARQUE AVELLANEDA,2015,Dic,157,9
PARQUE AVELLANEDA,2016,Ene,87,9
PARQUE AVELLANEDA,2016,Feb,0,9
PARQUE AVELLANEDA,2016,Mar,35,9
PARQUE AVELLANEDA,2016,Abr,87,9
PARQUE AVELLANEDA,2016,May,0,9
PARQUE AVELLANEDA,2016,Jun,65,9
PARQUE AVELLANEDA,2016,Jul,149,9
PARQUE AVELLANEDA,2016,Ago,221,9
PARQUE AVELLANEDA,2016,Sep,60,9
PARQUE AVELLANEDA,2016,Oct,280,9
PARQUE AVELLANEDA,2016,Nov,186,9
PARQUE AVELLANEDA,2016,Dic,34,9
PARQUE AVELLANEDA,2017,Ene,210,9
PARQUE AVELLANEDA,2017,Feb,147,9
PARQUE AVELLANEDA,2017,Mar,73,9
PARQUE AVELLANEDA,2017,Abr,223,9
PARQUE AVELLANEDA,2017,May,40,9
PARQUE AVELLANEDA,2017,Jun,255,9
PARQUE AVELLANEDA,2017,Jul,42,9
PARQUE AVELLANEDA,2017,Ago,143,9
PARQUE AVELLANEDA,2017,Sep,0,9
PARQUE AVELLANEDA,2017,Oct,78,9
PARQUE AVELLANEDA,2017,Nov,140,9
PARQUE AVELLANEDA,2017,Dic,40,9
PARQUE AVELLANEDA,2018,Ene,290,9
PARQUE AVELLANEDA,2018,Feb,82,9
PARQUE AVELLANEDA,2018,Mar,255,9
PARQUE AVELLANEDA,2018,Abr,86,9
PARQUE AVELLANEDA,2018,May,190,9
PARQUE AVELLANEDA,2018,Jun,185,9
PARQUE AVELLANEDA,2018,Jul,90,9
PARQUE AVELLANEDA,2018,Ago,67,9
PARQUE AVELLANEDA,2018,Sep,139,9
PARQUE AVELLANEDA,2018,Oct,118,9
PARQUE AVELLANEDA,2018,Nov,40,9
PARQUE AVELLANEDA,2018,Dic,66,9
PARQUE AVELLANEDA,2019,Ene,254,9
PARQUE AVELLANEDA,2019,Feb,207,9
PARQUE AVELLANEDA,2019,Mar,213,9
PARQUE AVELLANEDA,2019,Abr,471,9
PARQUE AVELLANEDA,2019,May,178,9
PARQUE AVELLANEDA,2019,Jun,219,9
PARQUE AVELLANEDA,2019,Jul,149,9
PARQUE AVELLANEDA,2019,Ago,230,9
PARQUE CHACABUCO,2013,Jul,997,7
PARQUE CHACABUCO,2013,Ago,1177,7
PARQUE CHACABUCO,2013,Sep,1183,7
PARQUE CHACABUCO,2013,Oct,1000,7
PARQUE CHACABUCO,2013,Nov,1435,7
PARQUE CHACABUCO,2013,Dic,1594,7
PARQUE CHACABUCO,2014,Ene,1213,7
PARQUE CHACABUCO,2014,Feb,1430,7
PARQUE CHACABUCO,2014,Mar,1126,7
PARQUE CHACABUCO,2014,Abr,632,7
PARQUE CHACABUCO,2014,May,1242,7
PARQUE CHACABUCO,2014,Jun,1421,7
PARQUE CHACABUCO,2014,Jul,1556,7
PARQUE CHACABUCO,2014,Ago,1328,7
PARQUE CHACABUCO,2014,Sep,1577,7
PARQUE CHACABUCO,2014,Oct,1336,7
PARQUE CHACABUCO,2014,Nov,1134,7
PARQUE CHACABUCO,2014,Dic,846,7
PARQUE CHACABUCO,2015,Ene,1262,7
PARQUE CHACABUCO,2015,Feb,1047,7
PARQUE CHACABUCO,2015,Mar,1283,7
PARQUE CHACABUCO,2015,Abr,1037,7
PARQUE CHACABUCO,2015,May,514,7
PARQUE CHACABUCO,2015,Jun,932,7
PARQUE CHACABUCO,2015,Jul,787,7
PARQUE CHACABUCO,2015,Ago,718,7
PARQUE CHACABUCO,2015,Sep,465,7
PARQUE CHACABUCO,2015,Oct,432,7
PARQUE CHACABUCO,2015,Nov,451,7
PARQUE CHACABUCO,2015,Dic,488,7
PARQUE CHACABUCO,2016,Ene,1068,7
PARQUE CHACABUCO,2016,Feb,449,7
PARQUE CHACABUCO,2016,Mar,593,7
PARQUE CHACABUCO,2016,Abr,743,7
PARQUE CHACABUCO,2016,May,965,7
PARQUE CHACABUCO,2016,Jun,588,7
PARQUE CHACABUCO,2016,Jul,710,7
PARQUE CHACABUCO,2016,Ago,623,7
PARQUE CHACABUCO,2016,Sep,916,7
PARQUE CHACABUCO,2016,Oct,743,7
PARQUE CHACABUCO,2016,Nov,704,7
PARQUE CHACABUCO,2016,Dic,897,7
PARQUE CHACABUCO,2017,Ene,728,7
PARQUE CHACABUCO,2017,Feb,749,7
PARQUE CHACABUCO,2017,Mar,261,7
PARQUE CHACABUCO,2017,Abr,706,7
PARQUE CHACABUCO,2017,May,826,7
PARQUE CHACABUCO,2017,Jun,595,7
PARQUE CHACABUCO,2017,Jul,532,7
PARQUE CHACABUCO,2017,Ago,590,7
PARQUE CHACABUCO,2017,Sep,444,7
PARQUE CHACABUCO,2017,Oct,713,7
PARQUE CHACABUCO,2017,Nov,901,7
PARQUE CHACABUCO,2017,Dic,923,7
PARQUE CHACABUCO,2018,Ene,643,7
PARQUE CHACABUCO,2018,Feb,1027,7
PARQUE CHACABUCO,2018,Mar,594,7
PARQUE CHACABUCO,2018,Abr,638,7
PARQUE CHACABUCO,2018,May,802,7
PARQUE CHACABUCO,2018,Jun,1516,7
PARQUE CHACABUCO,2018,Jul,877,7
PARQUE CHACABUCO,2018,Ago,861,7
PARQUE CHACABUCO,2018,Sep,958,7
PARQUE CHACABUCO,2018,Oct,922,7
PARQUE CHACABUCO,2018,Nov,1162,7
PARQUE CHACABUCO,2018,Dic,741,7
PARQUE CHACABUCO,2019,Ene,1143,7
PARQUE CHACABUCO,2019,Feb,850,7
PARQUE CHACABUCO,2019,Mar,1023,7
PARQUE CHACABUCO,2019,Abr,874,7
PARQUE CHACABUCO,2019,May,844,7
PARQUE CHACABUCO,2019,Jun,1142,7
PARQUE CHACABUCO,2019,Jul,900,7
PARQUE CHACABUCO,2019,Ago,1101,7
PARQUE CHAS,2013,Jul,419,15
PARQUE CHAS,2013,Ago,715,15
PARQUE CHAS,2013,Sep,287,15
PARQUE CHAS,2013,Oct,715,15
PARQUE CHAS,2013,Nov,527,15
PARQUE CHAS,2013,Dic,664,15
PARQUE CHAS,2014,Ene,324,15
PARQUE CHAS,2014,Feb,694,15
PARQUE CHAS,2014,Mar,440,15
PARQUE CHAS,2014,Abr,98,15
PARQUE CHAS,2014,May,400,15
PARQUE CHAS,2014,Jun,405,15
PARQUE CHAS,2014,Jul,581,15
PARQUE CHAS,2014,Ago,1246,15
PARQUE CHAS,2014,Sep,714,15
PARQUE CHAS,2014,Oct,586,15
PARQUE CHAS,2014,Nov,580,15
PARQUE CHAS,2014,Dic,517,15
PARQUE CHAS,2015,Ene,351,15
PARQUE CHAS,2015,Feb,994,15
PARQUE CHAS,2015,Mar,626,15
PARQUE CHAS,2015,Abr,578,15
PARQUE CHAS,2015,May,589,15
PARQUE CHAS,2015,Jun,759,15
PARQUE CHAS,2015,Jul,597,15
PARQUE CHAS,2015,Ago,356,15
PARQUE CHAS,2015,Sep,416,15
PARQUE CHAS,2015,Oct,379,15
PARQUE CHAS,2015,Nov,97,15
PARQUE CHAS,2015,Dic,242,15
PARQUE CHAS,2016,Ene,373,15
PARQUE CHAS,2016,Feb,219,15
PARQUE CHAS,2016,Mar,93,15
PARQUE CHAS,2016,Abr,243,15
PARQUE CHAS,2016,May,327,15
PARQUE CHAS,2016,Jun,185,15
PARQUE CHAS,2016,Jul,248,15
PARQUE CHAS,2016,Ago,0,15
PARQUE CHAS,2016,Sep,353,15
PARQUE CHAS,2016,Oct,278,15
PARQUE CHAS,2016,Nov,396,15
PARQUE CHAS,2016,Dic,138,15
PARQUE CHAS,2017,Ene,302,15
PARQUE CHAS,2017,Feb,583,15
PARQUE CHAS,2017,Mar,178,15
PARQUE CHAS,2017,Abr,404,15
PARQUE CHAS,2017,May,333,15
PARQUE CHAS,2017,Jun,267,15
PARQUE CHAS,2017,Jul,287,15
PARQUE CHAS,2017,Ago,535,15
PARQUE CHAS,2017,Sep,122,15
PARQUE CHAS,2017,Oct,186,15
PARQUE CHAS,2017,Nov,133,15
PARQUE CHAS,2017,Dic,315,15
PARQUE CHAS,2018,Ene,295,15
PARQUE CHAS,2018,Feb,317,15
PARQUE CHAS,2018,Mar,228,15
PARQUE CHAS,2018,Abr,297,15
PARQUE CHAS,2018,May,43,15
PARQUE CHAS,2018,Jun,196,15
PARQUE CHAS,2018,Jul,42,15
PARQUE CHAS,2018,Ago,97,15
PARQUE CHAS,2018,Sep,426,15
PARQUE CHAS,2018,Oct,311,15
PARQUE CHAS,2018,Nov,250,15
PARQUE CHAS,2018,Dic,280,15
PARQUE CHAS,2019,Ene,229,15
PARQUE CHAS,2019,Feb,281,15
PARQUE CHAS,2019,Mar,109,15
PARQUE CHAS,2019,Abr,231,15
PARQUE CHAS,2019,May,185,15
PARQUE CHAS,2019,Jun,218,15
PARQUE CHAS,2019,Jul,264,15
PARQUE CHAS,2019,Ago,179,15
PARQUE PATRICIOS,2013,Jul,692,4
PARQUE PATRICIOS,2013,Ago,822,4
PARQUE PATRICIOS,2013,Sep,836,4
PARQUE PATRICIOS,2013,Oct,865,4
PARQUE PATRICIOS,2013,Nov,424,4
PARQUE PATRICIOS,2013,Dic,228,4
PARQUE PATRICIOS,2014,Ene,203,4
PARQUE PATRICIOS,2014,Feb,294,4
PARQUE PATRICIOS,2014,Mar,431,4
PARQUE PATRICIOS,2014,Abr,42,4
PARQUE PATRICIOS,2014,May,585,4
PARQUE PATRICIOS,2014,Jun,207,4
PARQUE PATRICIOS,2014,Jul,99,4
PARQUE PATRICIOS,2014,Ago,73,4
PARQUE PATRICIOS,2014,Sep,50,4
PARQUE PATRICIOS,2014,Oct,249,4
PARQUE PATRICIOS,2014,Nov,162,4
PARQUE PATRICIOS,2014,Dic,165,4
PARQUE PATRICIOS,2015,Ene,277,4
PARQUE PATRICIOS,2015,Feb,66,4
PARQUE PATRICIOS,2015,Mar,264,4
PARQUE PATRICIOS,2015,Abr,40,4
PARQUE PATRICIOS,2015,May,244,4
PARQUE PATRICIOS,2015,Jun,129,4
PARQUE PATRICIOS,2015,Jul,307,4
PARQUE PATRICIOS,2015,Ago,353,4
PARQUE PATRICIOS,2015,Sep,45,4
PARQUE PATRICIOS,2015,Oct,437,4
PARQUE PATRICIOS,2015,Nov,92,4
PARQUE PATRICIOS,2015,Dic,200,4
PARQUE PATRICIOS,2016,Ene,208,4
PARQUE PATRICIOS,2016,Feb,302,4
PARQUE PATRICIOS,2016,Mar,262,4
PARQUE PATRICIOS,2016,Abr,145,4
PARQUE PATRICIOS,2016,May,82,4
PARQUE PATRICIOS,2016,Jun,208,4
PARQUE PATRICIOS,2016,Jul,95,4
PARQUE PATRICIOS,2016,Ago,256,4
PARQUE PATRICIOS,2016,Sep,150,4
PARQUE PATRICIOS,2016,Oct,0,4
PARQUE PATRICIOS,2016,Nov,96,4
PARQUE PATRICIOS,2016,Dic,108,4
PARQUE PATRICIOS,2017,Ene,132,4
PARQUE PATRICIOS,2017,Feb,148,4
PARQUE PATRICIOS,2017,Mar,241,4
PARQUE PATRICIOS,2017,Abr,177,4
PARQUE PATRICIOS,2017,May,136,4
PARQUE PATRICIOS,2017,Jun,132,4
PARQUE PATRICIOS,2017,Jul,159,4
PARQUE PATRICIOS,2017,Ago,166,4
PARQUE PATRICIOS,2017,Sep,258,4
PARQUE PATRICIOS,2017,Oct,160,4
PARQUE PATRICIOS,2017,Nov,316,4
PARQUE PATRICIOS,2017,Dic,358,4
PARQUE PATRICIOS,2018,Ene,214,4
PARQUE PATRICIOS,2018,Feb,114,4
PARQUE PATRICIOS,2018,Mar,225,4
PARQUE PATRICIOS,2018,Abr,364,4
PARQUE PATRICIOS,2018,May,200,4
PARQUE PATRICIOS,2018,Jun,54,4
PARQUE PATRICIOS,2018,Jul,318,4
PARQUE PATRICIOS,2018,Ago,258,4
PARQUE PATRICIOS,2018,Sep,157,4
PARQUE PATRICIOS,2018,Oct,238,4
PARQUE PATRICIOS,2018,Nov,290,4
PARQUE PATRICIOS,2018,Dic,38,4
PARQUE PATRICIOS,2019,Ene,237,4
PARQUE PATRICIOS,2019,Feb,149,4
PARQUE PATRICIOS,2019,Mar,229,4
PARQUE PATRICIOS,2019,Abr,217,4
PARQUE PATRICIOS,2019,May,334,4
PARQUE PATRICIOS,2019,Jun,375,4
PARQUE PATRICIOS,2019,Jul,489,4
PARQUE PATRICIOS,2019,Ago,334,4
PUERTO MADERO,2013,Jul,3633,1
PUERTO MADERO,2013,Ago,1272,1
PUERTO MADERO,2013,Sep,1897,1
PUERTO MADERO,2013,Oct,3415,1
PUERTO MADERO,2013,Nov,2994,1
PUERTO MADERO,2013,Dic,1624,1
PUERTO MADERO,2014,Ene,605,1
PUERTO MADERO,2014,Feb,1502,1
PUERTO MADERO,2014,Mar,1947,1
PUERTO MADERO,2014,Abr,806,1
PUERTO MADERO,2014,May,1966,1
PUERTO MADERO,2014,Jun,3777,1
PUERTO MADERO,2014,Jul,2191,1
PUERTO MADERO,2014,Ago,996,1
PUERTO MADERO,2014,Sep,1173,1
PUERTO MADERO,2014,Oct,2480,1
PUERTO MADERO,2014,Nov,1105,1
PUERTO MADERO,2014,Dic,1378,1
PUERTO MADERO,2015,Ene,1399,1
PUERTO MADERO,2015,Feb,732,1
PUERTO MADERO,2015,Mar,992,1
PUERTO MADERO,2015,Abr,1835,1
PUERTO MADERO,2015,May,3422,1
PUERTO MADERO,2015,Jun,4243,1
PUERTO MADERO,2015,Jul,4755,1
PUERTO MADERO,2015,Ago,3024,1
PUERTO MADERO,2015,Sep,1905,1
PUERTO MADERO,2015,Oct,607,1
PUERTO MADERO,2015,Nov,1050,1
PUERTO MADERO,2015,Dic,1259,1
PUERTO MADERO,2016,Ene,1318,1
PUERTO MADERO,2016,Feb,1242,1
PUERTO MADERO,2016,Mar,2760,1
PUERTO MADERO,2016,Abr,2174,1
PUERTO MADERO,2016,May,1947,1
PUERTO MADERO,2016,Jun,2260,1
PUERTO MADERO,2016,Jul,1734,1
PUERTO MADERO,2016,Ago,1948,1
PUERTO MADERO,2016,Sep,1994,1
PUERTO MADERO,2016,Oct,1999,1
PUERTO MADERO,2016,Nov,2220,1
PUERTO MADERO,2016,Dic,2306,1
PUERTO MADERO,2017,Ene,990,1
PUERTO MADERO,2017,Feb,2025,1
PUERTO MADERO,2017,Mar,2075,1
PUERTO MADERO,2017,Abr,2224,1
PUERTO MADERO,2017,May,2759,1
PUERTO MADERO,2017,Jun,1594,1
PUERTO MADERO,2017,Jul,1424,1
PUERTO MADERO,2017,Ago,1112,1
PUERTO MADERO,2017,Sep,1322,1
PUERTO MADERO,2017,Oct,1056,1
PUERTO MADERO,2017,Nov,1622,1
PUERTO MADERO,2017,Dic,1141,1
PUERTO MADERO,2018,Ene,1301,1
PUERTO MADERO,2018,Feb,690,1
PUERTO MADERO,2018,Mar,968,1
PUERTO MADERO,2018,Abr,1350,1
PUERTO MADERO,2018,May,988,1
PUERTO MADERO,2018,Jun,593,1
PUERTO MADERO,2018,Jul,852,1
PUERTO MADERO,2018,Ago,868,1
PUERTO MADERO,2018,Sep,836,1
PUERTO MADERO,2018,Oct,811,1
PUERTO MADERO,2018,Nov,270,1
PUERTO MADERO,2018,Dic,340,1
PUERTO MADERO,2019,Ene,548,1
PUERTO MADERO,2019,Feb,506,1
PUERTO MADERO,2019,Mar,829,1
PUERTO MADERO,2019,Abr,379,1
PUERTO MADERO,2019,May,643,1
PUERTO MADERO,2019,Jun,419,1
PUERTO MADERO,2019,Jul,618,1
PUERTO MADERO,2019,Ago,826,1
RECOLETA,2013,Jul,15832,2
RECOLETA,2013,Ago,9839,2
RECOLETA,2013,Sep,9314,2
RECOLETA,2013,Oct,12544,2
RECOLETA,2013,Nov,11898,2
RECOLETA,2013,Dic,9140,2
RECOLETA,2014,Ene,5120,2
RECOLETA,2014,Feb,9913,2
RECOLETA,2014,Mar,10618,2
RECOLETA,2014,Abr,5054,2
RECOLETA,2014,May,10337,2
RECOLETA,2014,Jun,8968,2
RECOLETA,2014,Jul,9395,2
RECOLETA,2014,Ago,7283,2
RECOLETA,2014,Sep,9109,2
RECOLETA,2014,Oct,9836,2
RECOLETA,2014,Nov,7599,2
RECOLETA,2014,Dic,5011,2
RECOLETA,2015,Ene,5360,2
RECOLETA,2015,Feb,6060,2
RECOLETA,2015,Mar,6362,2
RECOLETA,2015,Abr,6932,2
RECOLETA,2015,May,8190,2
RECOLETA,2015,Jun,12474,2
RECOLETA,2015,Jul,10471,2
RECOLETA,2015,Ago,9734,2
RECOLETA,2015,Sep,5099,2
RECOLETA,2015,Oct,4960,2
RECOLETA,2015,Nov,4801,2
RECOLETA,2015,Dic,4578,2
RECOLETA,2016,Ene,6209,2
RECOLETA,2016,Feb,4743,2
RECOLETA,2016,Mar,6389,2
RECOLETA,2016,Abr,5864,2
RECOLETA,2016,May,6087,2
RECOLETA,2016,Jun,5230,2
RECOLETA,2016,Jul,5986,2
RECOLETA,2016,Ago,5922,2
RECOLETA,2016,Sep,7361,2
RECOLETA,2016,Oct,7122,2
RECOLETA,2016,Nov,8209,2
RECOLETA,2016,Dic,8602,2
RECOLETA,2017,Ene,5919,2
RECOLETA,2017,Feb,6397,2
RECOLETA,2017,Mar,6420,2
RECOLETA,2017,Abr,7341,2
RECOLETA,2017,May,6600,2
RECOLETA,2017,Jun,6982,2
RECOLETA,2017,Jul,7408,2
RECOLETA,2017,Ago,7551,2
RECOLETA,2017,Sep,6102,2
RECOLETA,2017,Oct,4869,2
RECOLETA,2017,Nov,5182,2
RECOLETA,2017,Dic,5263,2
RECOLETA,2018,Ene,6599,2
RECOLETA,2018,Feb,4199,2
RECOLETA,2018,Mar,5912,2
RECOLETA,2018,Abr,6418,2
RECOLETA,2018,May,6111,2
RECOLETA,2018,Jun,6762,2
RECOLETA,2018,Jul,6004,2
RECOLETA,2018,Ago,6081,2
RECOLETA,2018,Sep,6113,2
RECOLETA,2018,Oct,6921,2
RECOLETA,2018,Nov,6391,2
RECOLETA,2018,Dic,6196,2
RECOLETA,2019,Ene,5733,2
RECOLETA,2019,Feb,5204,2
RECOLETA,2019,Mar,5799,2
RECOLETA,2019,Abr,6286,2
RECOLETA,2019,May,6858,2
RECOLETA,2019,Jun,4935,2
RECOLETA,2019,Jul,6013,2
RECOLETA,2019,Ago,7989,2
RETIRO,2013,Jul,3785,1
RETIRO,2013,Ago,2545,1
RETIRO,2013,Sep,3512,1
RETIRO,2013,Oct,3365,1
RETIRO,2013,Nov,2988,1
RETIRO,2013,Dic,1913,1
RETIRO,2014,Ene,1545,1
RETIRO,2014,Feb,2230,1
RETIRO,2014,Mar,1518,1
RETIRO,2014,Abr,963,1
RETIRO,2014,May,2207,1
RETIRO,2014,Jun,1485,1
RETIRO,2014,Jul,2125,1
RETIRO,2014,Ago,1878,1
RETIRO,2014,Sep,1443,1
RETIRO,2014,Oct,1798,1
RETIRO,2014,Nov,1722,1
RETIRO,2014,Dic,1019,1
RETIRO,2015,Ene,1002,1
RETIRO,2015,Feb,1346,1
RETIRO,2015,Mar,1800,1
RETIRO,2015,Abr,2006,1
RETIRO,2015,May,2140,1
RETIRO,2015,Jun,4053,1
RETIRO,2015,Jul,3554,1
RETIRO,2015,Ago,3168,1
RETIRO,2015,Sep,1951,1
RETIRO,2015,Oct,1478,1
RETIRO,2015,Nov,1713,1
RETIRO,2015,Dic,2036,1
RETIRO,2016,Ene,962,1
RETIRO,2016,Feb,1326,1
RETIRO,2016,Mar,1814,1
RETIRO,2016,Abr,2862,1
RETIRO,2016,May,2641,1
RETIRO,2016,Jun,910,1
RETIRO,2016,Jul,1336,1
RETIRO,2016,Ago,1626,1
RETIRO,2016,Sep,2574,1
RETIRO,2016,Oct,2026,1
RETIRO,2016,Nov,2973,1
RETIRO,2016,Dic,3161,1
RETIRO,2017,Ene,1354,1
RETIRO,2017,Feb,1767,1
RETIRO,2017,Mar,1569,1
RETIRO,2017,Abr,2103,1
RETIRO,2017,May,2976,1
RETIRO,2017,Jun,1833,1
RETIRO,2017,Jul,1549,1
RETIRO,2017,Ago,2593,1
RETIRO,2017,Sep,2017,1
RETIRO,2017,Oct,1673,1
RETIRO,2017,Nov,1547,1
RETIRO,2017,Dic,918,1
RETIRO,2018,Ene,2116,1
RETIRO,2018,Feb,654,1
RETIRO,2018,Mar,1132,1
RETIRO,2018,Abr,1392,1
RETIRO,2018,May,1949,1
RETIRO,2018,Jun,1332,1
RETIRO,2018,Jul,1276,1
RETIRO,2018,Ago,1937,1
RETIRO,2018,Sep,2003,1
RETIRO,2018,Oct,1708,1
RETIRO,2018,Nov,1362,1
RETIRO,2018,Dic,1298,1
RETIRO,2019,Ene,1572,1
RETIRO,2019,Feb,1437,1
RETIRO,2019,Mar,2283,1
RETIRO,2019,Abr,1950,1
RETIRO,2019,May,1667,1
RETIRO,2019,Jun,2558,1
RETIRO,2019,Jul,3161,1
RETIRO,2019,Ago,3400,1
SAAVEDRA,2013,Jul,1018,12
SAAVEDRA,2013,Ago,1649,12
SAAVEDRA,2013,Sep,1655,12
SAAVEDRA,2013,Oct,1734,12
SAAVEDRA,2013,Nov,1423,12
SAAVEDRA,2013,Dic,1868,12
SAAVEDRA,2014,Ene,1375,12
SAAVEDRA,2014,Feb,1618,12
SAAVEDRA,2014,Mar,1785,12
SAAVEDRA,2014,Abr,889,12
SAAVEDRA,2014,May,2177,12
SAAVEDRA,2014,Jun,1665,12
SAAVEDRA,2014,Jul,1593,12
SAAVEDRA,2014,Ago,1662,12
SAAVEDRA,2014,Sep,2343,12
SAAVEDRA,2014,Oct,2384,12
SAAVEDRA,2014,Nov,1791,12
SAAVEDRA,2014,Dic,1619,12
SAAVEDRA,2015,Ene,1364,12
SAAVEDRA,2015,Feb,1276,12
SAAVEDRA,2015,Mar,1302,12
SAAVEDRA,2015,Abr,1025,12
SAAVEDRA,2015,May,887,12
SAAVEDRA,2015,Jun,1037,12
SAAVEDRA,2015,Jul,1285,12
SAAVEDRA,2015,Ago,1220,12
SAAVEDRA,2015,Sep,384,12
SAAVEDRA,2015,Oct,983,12
SAAVEDRA,2015,Nov,522,12
SAAVEDRA,2015,Dic,712,12
SAAVEDRA,2016,Ene,564,12
SAAVEDRA,2016,Feb,642,12
SAAVEDRA,2016,Mar,1030,12
SAAVEDRA,2016,Abr,1022,12
SAAVEDRA,2016,May,1136,12
SAAVEDRA,2016,Jun,1178,12
SAAVEDRA,2016,Jul,1134,12
SAAVEDRA,2016,Ago,809,12
SAAVEDRA,2016,Sep,978,12
SAAVEDRA,2016,Oct,666,12
SAAVEDRA,2016,Nov,861,12
SAAVEDRA,2016,Dic,678,12
SAAVEDRA,2017,Ene,1127,12
SAAVEDRA,2017,Feb,793,12
SAAVEDRA,2017,Mar,616,12
SAAVEDRA,2017,Abr,488,12
SAAVEDRA,2017,May,959,12
SAAVEDRA,2017,Jun,1066,12
SAAVEDRA,2017,Jul,559,12
SAAVEDRA,2017,Ago,702,12
SAAVEDRA,2017,Sep,440,12
SAAVEDRA,2017,Oct,884,12
SAAVEDRA,2017,Nov,496,12
SAAVEDRA,2017,Dic,756,12
SAAVEDRA,2018,Ene,655,12
SAAVEDRA,2018,Feb,567,12
SAAVEDRA,2018,Mar,742,12
SAAVEDRA,2018,Abr,718,12
SAAVEDRA,2018,May,1059,12
SAAVEDRA,2018,Jun,1422,12
SAAVEDRA,2018,Jul,736,12
SAAVEDRA,2018,Ago,754,12
SAAVEDRA,2018,Sep,820,12
SAAVEDRA,2018,Oct,1383,12
SAAVEDRA,2018,Nov,905,12
SAAVEDRA,2018,Dic,474,12
SAAVEDRA,2019,Ene,796,12
SAAVEDRA,2019,Feb,573,12
SAAVEDRA,2019,Mar,840,12
SAAVEDRA,2019,Abr,684,12
SAAVEDRA,2019,May,518,12
SAAVEDRA,2019,Jun,598,12
SAAVEDRA,2019,Jul,979,12
SAAVEDRA,2019,Ago,516,12
SAN CRISTOBAL,2013,Jul,1268,3
SAN CRISTOBAL,2013,Ago,1518,3
SAN CRISTOBAL,2013,Sep,1140,3
SAN CRISTOBAL,2013,Oct,1795,3
SAN CRISTOBAL,2013,Nov,1033,3
SAN CRISTOBAL,2013,Dic,1772,3
SAN CRISTOBAL,2014,Ene,979,3
SAN CRISTOBAL,2014,Feb,1794,3
SAN CRISTOBAL,2014,Mar,1947,3
SAN CRISTOBAL,2014,Abr,799,3
SAN CRISTOBAL,2014,May,1205,3
SAN CRISTOBAL,2014,Jun,1945,3
SAN CRISTOBAL,2014,Jul,1548,3
SAN CRISTOBAL,2014,Ago,1526,3
SAN CRISTOBAL,2014,Sep,1289,3
SAN CRISTOBAL,2014,Oct,1177,3
SAN CRISTOBAL,2014,Nov,969,3
SAN CRISTOBAL,2014,Dic,916,3
SAN CRISTOBAL,2015,Ene,621,3
SAN CRISTOBAL,2015,Feb,828,3
SAN CRISTOBAL,2015,Mar,526,3
SAN CRISTOBAL,2015,Abr,1139,3
SAN CRISTOBAL,2015,May,573,3
SAN CRISTOBAL,2015,Jun,731,3
SAN CRISTOBAL,2015,Jul,920,3
SAN CRISTOBAL,2015,Ago,993,3
SAN CRISTOBAL,2015,Sep,480,3
SAN CRISTOBAL,2015,Oct,337,3
SAN CRISTOBAL,2015,Nov,330,3
SAN CRISTOBAL,2015,Dic,523,3
SAN CRISTOBAL,2016,Ene,287,3
SAN CRISTOBAL,2016,Feb,471,3
SAN CRISTOBAL,2016,Mar,539,3
SAN CRISTOBAL,2016,Abr,548,3
SAN CRISTOBAL,2016,May,506,3
SAN CRISTOBAL,2016,Jun,60,3
SAN CRISTOBAL,2016,Jul,435,3
SAN CRISTOBAL,2016,Ago,209,3
SAN CRISTOBAL,2016,Sep,240,3
SAN CRISTOBAL,2016,Oct,680,3
SAN CRISTOBAL,2016,Nov,957,3
SAN CRISTOBAL,2016,Dic,384,3
SAN CRISTOBAL,2017,Ene,469,3
SAN CRISTOBAL,2017,Feb,371,3
SAN CRISTOBAL,2017,Mar,447,3
SAN CRISTOBAL,2017,Abr,461,3
SAN CRISTOBAL,2017,May,635,3
SAN CRISTOBAL,2017,Jun,424,3
SAN CRISTOBAL,2017,Jul,369,3
SAN CRISTOBAL,2017,Ago,275,3
SAN CRISTOBAL,2017,Sep,348,3
SAN CRISTOBAL,2017,Oct,679,3
SAN CRISTOBAL,2017,Nov,564,3
SAN CRISTOBAL,2017,Dic,733,3
SAN CRISTOBAL,2018,Ene,434,3
SAN CRISTOBAL,2018,Feb,462,3
SAN CRISTOBAL,2018,Mar,532,3
SAN CRISTOBAL,2018,Abr,592,3
SAN CRISTOBAL,2018,May,390,3
SAN CRISTOBAL,2018,Jun,608,3
SAN CRISTOBAL,2018,Jul,770,3
SAN CRISTOBAL,2018,Ago,758,3
SAN CRISTOBAL,2018,Sep,617,3
SAN CRISTOBAL,2018,Oct,965,3
SAN CRISTOBAL,2018,Nov,822,3
SAN CRISTOBAL,2018,Dic,589,3
SAN CRISTOBAL,2019,Ene,620,3
SAN CRISTOBAL,2019,Feb,653,3
SAN CRISTOBAL,2019,Mar,876,3
SAN CRISTOBAL,2019,Abr,1070,3
SAN CRISTOBAL,2019,May,869,3
SAN CRISTOBAL,2019,Jun,503,3
SAN CRISTOBAL,2019,Jul,891,3
SAN CRISTOBAL,2019,Ago,629,3
SAN NICOLAS,2013,Jul,3120,1
SAN NICOLAS,2013,Ago,1727,1
SAN NICOLAS,2013,Sep,2011,1
SAN NICOLAS,2013,Oct,2379,1
SAN NICOLAS,2013,Nov,1702,1
SAN NICOLAS,2013,Dic,2110,1
SAN NICOLAS,2014,Ene,1665,1
SAN NICOLAS,2014,Feb,2141,1
SAN NICOLAS,2014,Mar,1723,1
SAN NICOLAS,2014,Abr,689,1
SAN NICOLAS,2014,May,1689,1
SAN NICOLAS,2014,Jun,2149,1
SAN NICOLAS,2014,Jul,2061,1
SAN NICOLAS,2014,Ago,1829,1
SAN NICOLAS,2014,Sep,1893,1
SAN NICOLAS,2014,Oct,1539,1
SAN NICOLAS,2014,Nov,1908,1
SAN NICOLAS,2014,Dic,1313,1
SAN NICOLAS,2015,Ene,1049,1
SAN NICOLAS,2015,Feb,673,1
SAN NICOLAS,2015,Mar,1190,1
SAN NICOLAS,2015,Abr,1101,1
SAN NICOLAS,2015,May,1779,1
SAN NICOLAS,2015,Jun,2689,1
SAN NICOLAS,2015,Jul,1934,1
SAN NICOLAS,2015,Ago,2575,1
SAN NICOLAS,2015,Sep,1043,1
SAN NICOLAS,2015,Oct,742,1
SAN NICOLAS,2015,Nov,1216,1
SAN NICOLAS,2015,Dic,948,1
SAN NICOLAS,2016,Ene,1238,1
SAN NICOLAS,2016,Feb,546,1
SAN NICOLAS,2016,Mar,1538,1
SAN NICOLAS,2016,Abr,1246,1
SAN NICOLAS,2016,May,971,1
SAN NICOLAS,2016,Jun,1385,1
SAN NICOLAS,2016,Jul,1150,1
SAN NICOLAS,2016,Ago,1394,1
SAN NICOLAS,2016,Sep,783,1
SAN NICOLAS,2016,Oct,1709,1
SAN NICOLAS,2016,Nov,1427,1
SAN NICOLAS,2016,Dic,1611,1
SAN NICOLAS,2017,Ene,828,1
SAN NICOLAS,2017,Feb,1225,1
SAN NICOLAS,2017,Mar,1915,1
SAN NICOLAS,2017,Abr,1804,1
SAN NICOLAS,2017,May,1973,1
SAN NICOLAS,2017,Jun,1981,1
SAN NICOLAS,2017,Jul,1096,1
SAN NICOLAS,2017,Ago,1024,1
SAN NICOLAS,2017,Sep,1115,1
SAN NICOLAS,2017,Oct,1141,1
SAN NICOLAS,2017,Nov,919,1
SAN NICOLAS,2017,Dic,848,1
SAN NICOLAS,2018,Ene,1421,1
SAN NICOLAS,2018,Feb,736,1
SAN NICOLAS,2018,Mar,1462,1
SAN NICOLAS,2018,Abr,873,1
SAN NICOLAS,2018,May,815,1
SAN NICOLAS,2018,Jun,1122,1
SAN NICOLAS,2018,Jul,1507,1
SAN NICOLAS,2018,Ago,1541,1
SAN NICOLAS,2018,Sep,789,1
SAN NICOLAS,2018,Oct,1794,1
SAN NICOLAS,2018,Nov,1478,1
SAN NICOLAS,2018,Dic,1302,1
SAN NICOLAS,2019,Ene,1140,1
SAN NICOLAS,2019,Feb,1114,1
SAN NICOLAS,2019,Mar,1993,1
SAN NICOLAS,2019,Abr,1432,1
SAN NICOLAS,2019,May,1791,1
SAN NICOLAS,2019,Jun,1389,1
SAN NICOLAS,2019,Jul,1352,1
SAN NICOLAS,2019,Ago,1660,1
SAN TELMO,2013,Jul,1109,1
SAN TELMO,2013,Ago,1350,1
SAN TELMO,2013,Sep,990,1
SAN TELMO,2013,Oct,1561,1
SAN TELMO,2013,Nov,1003,1
SAN TELMO,2013,Dic,675,1
SAN TELMO,2014,Ene,680,1
SAN TELMO,2014,Feb,665,1
SAN TELMO,2014,Mar,899,1
SAN TELMO,2014,Abr,696,1
SAN TELMO,2014,May,906,1
SAN TELMO,2014,Jun,657,1
SAN TELMO,2014,Jul,771,1
SAN TELMO,2014,Ago,653,1
SAN TELMO,2014,Sep,669,1
SAN TELMO,2014,Oct,1073,1
SAN TELMO,2014,Nov,700,1
SAN TELMO,2014,Dic,189,1
SAN TELMO,2015,Ene,251,1
SAN TELMO,2015,Feb,265,1
SAN TELMO,2015,Mar,302,1
SAN TELMO,2015,Abr,207,1
SAN TELMO,2015,May,1022,1
SAN TELMO,2015,Jun,816,1
SAN TELMO,2015,Jul,946,1
SAN TELMO,2015,Ago,795,1
SAN TELMO,2015,Sep,607,1
SAN TELMO,2015,Oct,383,1
SAN TELMO,2015,Nov,776,1
SAN TELMO,2015,Dic,268,1
SAN TELMO,2016,Ene,582,1
SAN TELMO,2016,Feb,578,1
SAN TELMO,2016,Mar,642,1
SAN TELMO,2016,Abr,616,1
SAN TELMO,2016,May,787,1
SAN TELMO,2016,Jun,921,1
SAN TELMO,2016,Jul,370,1
SAN TELMO,2016,Ago,756,1
SAN TELMO,2016,Sep,836,1
SAN TELMO,2016,Oct,575,1
SAN TELMO,2016,Nov,495,1
SAN TELMO,2016,Dic,774,1
SAN TELMO,2017,Ene,614,1
SAN TELMO,2017,Feb,436,1
SAN TELMO,2017,Mar,1155,1
SAN TELMO,2017,Abr,372,1
SAN TELMO,2017,May,462,1
SAN TELMO,2017,Jun,357,1
SAN TELMO,2017,Jul,359,1
SAN TELMO,2017,Ago,460,1
SAN TELMO,2017,Sep,462,1
SAN TELMO,2017,Oct,516,1
SAN TELMO,2017,Nov,457,1
SAN TELMO,2017,Dic,261,1
SAN TELMO,2018,Ene,260,1
SAN TELMO,2018,Feb,454,1
SAN TELMO,2018,Mar,321,1
SAN TELMO,2018,Abr,183,1
SAN TELMO,2018,May,553,1
SAN TELMO,2018,Jun,262,1
SAN TELMO,2018,Jul,753,1
SAN TELMO,2018,Ago,588,1
SAN TELMO,2018,Sep,546,1
SAN TELMO,2018,Oct,957,1
SAN TELMO,2018,Nov,772,1
SAN TELMO,2018,Dic,362,1
SAN TELMO,2019,Ene,612,1
SAN TELMO,2019,Feb,468,1
SAN TELMO,2019,Mar,574,1
SAN TELMO,2019,Abr,473,1
SAN TELMO,2019,May,673,1
SAN TELMO,2019,Jun,550,1
SAN TELMO,2019,Jul,663,1
SAN TELMO,2019,Ago,410,1
VELEZ SARSFIELD,2013,Jul,410,10
VELEZ SARSFIELD,2013,Ago,247,10
VELEZ SARSFIELD,2013,Sep,718,10
VELEZ SARSFIELD,2013,Oct,659,10
VELEZ SARSFIELD,2013,Nov,329,10
VELEZ SARSFIELD,2013,Dic,904,10
VELEZ SARSFIELD,2014,Ene,693,10
VELEZ SARSFIELD,2014,Feb,620,10
VELEZ SARSFIELD,2014,Mar,190,10
VELEZ SARSFIELD,2014,Abr,36,10
VELEZ SARSFIELD,2014,May,563,10
VELEZ SARSFIELD,2014,Jun,607,10
VELEZ SARSFIELD,2014,Jul,354,10
VELEZ SARSFIELD,2014,Ago,679,10
VELEZ SARSFIELD,2014,Sep,294,10
VELEZ SARSFIELD,2014,Oct,1262,10
VELEZ SARSFIELD,2014,Nov,856,10
VELEZ SARSFIELD,2014,Dic,389,10
VELEZ SARSFIELD,2015,Ene,667,10
VELEZ SARSFIELD,2015,Feb,205,10
VELEZ SARSFIELD,2015,Mar,474,10
VELEZ SARSFIELD,2015,Abr,251,10
VELEZ SARSFIELD,2015,May,509,10
VELEZ SARSFIELD,2015,Jun,737,10
VELEZ SARSFIELD,2015,Jul,599,10
VELEZ SARSFIELD,2015,Ago,695,10
VELEZ SARSFIELD,2015,Sep,306,10
VELEZ SARSFIELD,2015,Oct,329,10
VELEZ SARSFIELD,2015,Nov,288,10
VELEZ SARSFIELD,2015,Dic,146,10
VELEZ SARSFIELD,2016,Ene,411,10
VELEZ SARSFIELD,2016,Feb,34,10
VELEZ SARSFIELD,2016,Mar,378,10
VELEZ SARSFIELD,2016,Abr,514,10
VELEZ SARSFIELD,2016,May,194,10
VELEZ SARSFIELD,2016,Jun,285,10
VELEZ SARSFIELD,2016,Jul,525,10
VELEZ SARSFIELD,2016,Ago,265,10
VELEZ SARSFIELD,2016,Sep,286,10
VELEZ SARSFIELD,2016,Oct,308,10
VELEZ SARSFIELD,2016,Nov,241,10
VELEZ SARSFIELD,2016,Dic,297,10
VELEZ SARSFIELD,2017,Ene,666,10
VELEZ SARSFIELD,2017,Feb,150,10
VELEZ SARSFIELD,2017,Mar,653,10
VELEZ SARSFIELD,2017,Abr,513,10
VELEZ SARSFIELD,2017,May,142,10
VELEZ SARSFIELD,2017,Jun,322,10
VELEZ SARSFIELD,2017,Jul,326,10
VELEZ SARSFIELD,2017,Ago,79,10
VELEZ SARSFIELD,2017,Sep,200,10
VELEZ SARSFIELD,2017,Oct,150,10
VELEZ SARSFIELD,2017,Nov,633,10
VELEZ SARSFIELD,2017,Dic,297,10
VELEZ SARSFIELD,2018,Ene,283,10
VELEZ SARSFIELD,2018,Feb,126,10
VELEZ SARSFIELD,2018,Mar,399,10
VELEZ SARSFIELD,2018,Abr,319,10
VELEZ SARSFIELD,2018,May,221,10
VELEZ SARSFIELD,2018,Jun,363,10
VELEZ SARSFIELD,2018,Jul,563,10
VELEZ SARSFIELD,2018,Ago,336,10
VELEZ SARSFIELD,2018,Sep,402,10
VELEZ SARSFIELD,2018,Oct,604,10
VELEZ SARSFIELD,2018,Nov,778,10
VELEZ SARSFIELD,2018,Dic,266,10
VELEZ SARSFIELD,2019,Ene,634,10
VELEZ SARSFIELD,2019,Feb,526,10
VELEZ SARSFIELD,2019,Mar,566,10
VELEZ SARSFIELD,2019,Abr,816,10
VELEZ SARSFIELD,2019,May,483,10
VELEZ SARSFIELD,2019,Jun,433,10
VELEZ SARSFIELD,2019,Jul,556,10
VELEZ SARSFIELD,2019,Ago,231,10
VERSALLES,2013,Jul,88,10
VERSALLES,2013,Ago,278,10
VERSALLES,2013,Sep,50,10
VERSALLES,2013,Oct,205,10
VERSALLES,2013,Nov,0,10
VERSALLES,2013,Dic,292,10
VERSALLES,2014,Ene,241,10
VERSALLES,2014,Feb,161,10
VERSALLES,2014,Mar,192,10
VERSALLES,2014,Abr,224,10
VERSALLES,2014,May,353,10
VERSALLES,2014,Jun,279,10
VERSALLES,2014,Jul,466,10
VERSALLES,2014,Ago,220,10
VERSALLES,2014,Sep,200,10
VERSALLES,2014,Oct,147,10
VERSALLES,2014,Nov,127,10
VERSALLES,2014,Dic,152,10
VERSALLES,2015,Ene,148,10
VERSALLES,2015,Feb,0,10
VERSALLES,2015,Mar,265,10
VERSALLES,2015,Abr,95,10
VERSALLES,2015,May,38,10
VERSALLES,2015,Jun,178,10
VERSALLES,2015,Jul,0,10
VERSALLES,2015,Ago,42,10
VERSALLES,2015,Sep,103,10
VERSALLES,2015,Oct,60,10
VERSALLES,2015,Nov,125,10
VERSALLES,2015,Dic,55,10
VERSALLES,2016,Ene,70,10
VERSALLES,2016,Feb,140,10
VERSALLES,2016,Mar,70,10
VERSALLES,2016,Abr,86,10
VERSALLES,2016,May,56,10
VERSALLES,2016,Jun,106,10
VERSALLES,2016,Jul,210,10
VERSALLES,2016,Ago,186,10
VERSALLES,2016,Sep,36,10
VERSALLES,2016,Oct,136,10
VERSALLES,2016,Nov,232,10
VERSALLES,2016,Dic,75,10
VERSALLES,2017,Ene,40,10
VERSALLES,2017,Feb,52,10
VERSALLES,2017,Mar,65,10
VERSALLES,2017,Abr,103,10
VERSALLES,2017,May,129,10
VERSALLES,2017,Jun,113,10
VERSALLES,2017,Jul,40,10
VERSALLES,2017,Ago,271,10
VERSALLES,2017,Sep,0,10
VERSALLES,2017,Oct,0,10
VERSALLES,2017,Nov,0,10
VERSALLES,2017,Dic,65,10
VERSALLES,2018,Ene,46,10
VERSALLES,2018,Feb,94,10
VERSALLES,2018,Mar,52,10
VERSALLES,2018,Abr,0,10
VERSALLES,2018,May,65,10
VERSALLES,2018,Jun,239,10
VERSALLES,2018,Jul,122,10
VERSALLES,2018,Ago,38,10
VERSALLES,2018,Sep,50,10
VERSALLES,2018,Oct,211,10
VERSALLES,2018,Nov,183,10
VERSALLES,2018,Dic,140,10
VERSALLES,2019,Ene,150,10
VERSALLES,2019,Feb,0,10
VERSALLES,2019,Mar,135,10
VERSALLES,2019,Abr,285,10
VERSALLES,2019,May,282,10
VERSALLES,2019,Jun,115,10
VERSALLES,2019,Jul,40,10
VERSALLES,2019,Ago,105,10
VILLA CRESPO,2013,Jul,4431,15
VILLA CRESPO,2013,Ago,4215,15
VILLA CRESPO,2013,Sep,4353,15
VILLA CRESPO,2013,Oct,5764,15
VILLA CRESPO,2013,Nov,5404,15
VILLA CRESPO,2013,Dic,4935,15
VILLA CRESPO,2014,Ene,4711,15
VILLA CRESPO,2014,Feb,4775,15
VILLA CRESPO,2014,Mar,4826,15
VILLA CRESPO,2014,Abr,2264,15
VILLA CRESPO,2014,May,4902,15
VILLA CRESPO,2014,Jun,4284,15
VILLA CRESPO,2014,Jul,4737,15
VILLA CRESPO,2014,Ago,3874,15
VILLA CRESPO,2014,Sep,4728,15
VILLA CRESPO,2014,Oct,9179,15
VILLA CRESPO,2014,Nov,3927,15
VILLA CRESPO,2014,Dic,3750,15
VILLA CRESPO,2015,Ene,3966,15
VILLA CRESPO,2015,Feb,3357,15
VILLA CRESPO,2015,Mar,3794,15
VILLA CRESPO,2015,Abr,4058,15
VILLA CRESPO,2015,May,3250,15
VILLA CRESPO,2015,Jun,4584,15
VILLA CRESPO,2015,Jul,3516,15
VILLA CRESPO,2015,Ago,3351,15
VILLA CRESPO,2015,Sep,2358,15
VILLA CRESPO,2015,Oct,1574,15
VILLA CRESPO,2015,Nov,1970,15
VILLA CRESPO,2015,Dic,1658,15
VILLA CRESPO,2016,Ene,2712,15
VILLA CRESPO,2016,Feb,2809,15
VILLA CRESPO,2016,Mar,1812,15
VILLA CRESPO,2016,Abr,2444,15
VILLA CRESPO,2016,May,2268,15
VILLA CRESPO,2016,Jun,2294,15
VILLA CRESPO,2016,Jul,3003,15
VILLA CRESPO,2016,Ago,2163,15
VILLA CRESPO,2016,Sep,2662,15
VILLA CRESPO,2016,Oct,2122,15
VILLA CRESPO,2016,Nov,2991,15
VILLA CRESPO,2016,Dic,2897,15
VILLA CRESPO,2017,Ene,1617,15
VILLA CRESPO,2017,Feb,2493,15
VILLA CRESPO,2017,Mar,2244,15
VILLA CRESPO,2017,Abr,1550,15
VILLA CRESPO,2017,May,2318,15
VILLA CRESPO,2017,Jun,1471,15
VILLA CRESPO,2017,Jul,1661,15
VILLA CRESPO,2017,Ago,2513,15
VILLA CRESPO,2017,Sep,1723,15
VILLA CRESPO,2017,Oct,1692,15
VILLA CRESPO,2017,Nov,2849,15
VILLA CRESPO,2017,Dic,1810,15
VILLA CRESPO,2018,Ene,1685,15
VILLA CRESPO,2018,Feb,1436,15
VILLA CRESPO,2018,Mar,2155,15
VILLA CRESPO,2018,Abr,2019,15
VILLA CRESPO,2018,May,1759,15
VILLA CRESPO,2018,Jun,1599,15
VILLA CRESPO,2018,Jul,2438,15
VILLA CRESPO,2018,Ago,2078,15
VILLA CRESPO,2018,Sep,2497,15
VILLA CRESPO,2018,Oct,2008,15
VILLA CRESPO,2018,Nov,3017,15
VILLA CRESPO,2018,Dic,2109,15
VILLA CRESPO,2019,Ene,2255,15
VILLA CRESPO,2019,Feb,1924,15
VILLA CRESPO,2019,Mar,2269,15
VILLA CRESPO,2019,Abr,2929,15
VILLA CRESPO,2019,May,2295,15
VILLA CRESPO,2019,Jun,2360,15
VILLA CRESPO,2019,Jul,2511,15
VILLA CRESPO,2019,Ago,2061,15
VILLA DEL PARQUE,2013,Jul,2616,11
VILLA DEL PARQUE,2013,Ago,1781,11
VILLA DEL PARQUE,2013,Sep,2037,11
VILLA DEL PARQUE,2013,Oct,2655,11
VILLA DEL PARQUE,2013,Nov,2173,11
VILLA DEL PARQUE,2013,Dic,2497,11
VILLA DEL PARQUE,2014,Ene,1588,11
VILLA DEL PARQUE,2014,Feb,2234,11
VILLA DEL PARQUE,2014,Mar,2320,11
VILLA DEL PARQUE,2014,Abr,1886,11
VILLA DEL PARQUE,2014,May,2860,11
VILLA DEL PARQUE,2014,Jun,1864,11
VILLA DEL PARQUE,2014,Jul,2308,11
VILLA DEL PARQUE,2014,Ago,2397,11
VILLA DEL PARQUE,2014,Sep,1989,11
VILLA DEL PARQUE,2014,Oct,2859,11
VILLA DEL PARQUE,2014,Nov,2770,11
VILLA DEL PARQUE,2014,Dic,1756,11
VILLA DEL PARQUE,2015,Ene,1741,11
VILLA DEL PARQUE,2015,Feb,1723,11
VILLA DEL PARQUE,2015,Mar,1778,11
VILLA DEL PARQUE,2015,Abr,1995,11
VILLA DEL PARQUE,2015,May,1756,11
VILLA DEL PARQUE,2015,Jun,1897,11
VILLA DEL PARQUE,2015,Jul,1725,11
VILLA DEL PARQUE,2015,Ago,1994,11
VILLA DEL PARQUE,2015,Sep,962,11
VILLA DEL PARQUE,2015,Oct,1438,11
VILLA DEL PARQUE,2015,Nov,805,11
VILLA DEL PARQUE,2015,Dic,1290,11
VILLA DEL PARQUE,2016,Ene,1066,11
VILLA DEL PARQUE,2016,Feb,1103,11
VILLA DEL PARQUE,2016,Mar,1214,11
VILLA DEL PARQUE,2016,Abr,1182,11
VILLA DEL PARQUE,2016,May,842,11
VILLA DEL PARQUE,2016,Jun,1090,11
VILLA DEL PARQUE,2016,Jul,1707,11
VILLA DEL PARQUE,2016,Ago,1457,11
VILLA DEL PARQUE,2016,Sep,1078,11
VILLA DEL PARQUE,2016,Oct,1515,11
VILLA DEL PARQUE,2016,Nov,1253,11
VILLA DEL PARQUE,2016,Dic,1270,11
VILLA DEL PARQUE,2017,Ene,1300,11
VILLA DEL PARQUE,2017,Feb,1083,11
VILLA DEL PARQUE,2017,Mar,1858,11
VILLA DEL PARQUE,2017,Abr,1091,11
VILLA DEL PARQUE,2017,May,1104,11
VILLA DEL PARQUE,2017,Jun,593,11
VILLA DEL PARQUE,2017,Jul,1702,11
VILLA DEL PARQUE,2017,Ago,834,11
VILLA DEL PARQUE,2017,Sep,939,11
VILLA DEL PARQUE,2017,Oct,848,11
VILLA DEL PARQUE,2017,Nov,1104,11
VILLA DEL PARQUE,2017,Dic,970,11
VILLA DEL PARQUE,2018,Ene,1180,11
VILLA DEL PARQUE,2018,Feb,1235,11
VILLA DEL PARQUE,2018,Mar,1601,11
VILLA DEL PARQUE,2018,Abr,1261,11
VILLA DEL PARQUE,2018,May,954,11
VILLA DEL PARQUE,2018,Jun,868,11
VILLA DEL PARQUE,2018,Jul,1000,11
VILLA DEL PARQUE,2018,Ago,997,11
VILLA DEL PARQUE,2018,Sep,1026,11
VILLA DEL PARQUE,2018,Oct,1703,11
VILLA DEL PARQUE,2018,Nov,1402,11
VILLA DEL PARQUE,2018,Dic,1148,11
VILLA DEL PARQUE,2019,Ene,1286,11
VILLA DEL PARQUE,2019,Feb,1691,11
VILLA DEL PARQUE,2019,Mar,1738,11
VILLA DEL PARQUE,2019,Abr,1284,11
VILLA DEL PARQUE,2019,May,1447,11
VILLA DEL PARQUE,2019,Jun,1093,11
VILLA DEL PARQUE,2019,Jul,1276,11
VILLA DEL PARQUE,2019,Ago,835,11
VILLA DEVOTO,2013,Jul,2450,11
VILLA DEVOTO,2013,Ago,1746,11
VILLA DEVOTO,2013,Sep,2786,11
VILLA DEVOTO,2013,Oct,2805,11
VILLA DEVOTO,2013,Nov,2488,11
VILLA DEVOTO,2013,Dic,2417,11
VILLA DEVOTO,2014,Ene,1939,11
VILLA DEVOTO,2014,Feb,2628,11
VILLA DEVOTO,2014,Mar,2043,11
VILLA DEVOTO,2014,Abr,915,11
VILLA DEVOTO,2014,May,1995,11
VILLA DEVOTO,2014,Jun,2155,11
VILLA DEVOTO,2014,Jul,2816,11
VILLA DEVOTO,2014,Ago,2295,11
VILLA DEVOTO,2014,Sep,1897,11
VILLA DEVOTO,2014,Oct,2613,11
VILLA DEVOTO,2014,Nov,1670,11
VILLA DEVOTO,2014,Dic,1184,11
VILLA DEVOTO,2015,Ene,1079,11
VILLA DEVOTO,2015,Feb,1499,11
VILLA DEVOTO,2015,Mar,1817,11
VILLA DEVOTO,2015,Abr,1187,11
VILLA DEVOTO,2015,May,1312,11
VILLA DEVOTO,2015,Jun,1110,11
VILLA DEVOTO,2015,Jul,2187,11
VILLA DEVOTO,2015,Ago,1575,11
VILLA DEVOTO,2015,Sep,917,11
VILLA DEVOTO,2015,Oct,807,11
VILLA DEVOTO,2015,Nov,1097,11
VILLA DEVOTO,2015,Dic,559,11
VILLA DEVOTO,2016,Ene,1151,11
VILLA DEVOTO,2016,Feb,744,11
VILLA DEVOTO,2016,Mar,546,11
VILLA DEVOTO,2016,Abr,705,11
VILLA DEVOTO,2016,May,1036,11
VILLA DEVOTO,2016,Jun,1274,11
VILLA DEVOTO,2016,Jul,1014,11
VILLA DEVOTO,2016,Ago,1212,11
VILLA DEVOTO,2016,Sep,694,11
VILLA DEVOTO,2016,Oct,974,11
VILLA DEVOTO,2016,Nov,944,11
VILLA DEVOTO,2016,Dic,1322,11
VILLA DEVOTO,2017,Ene,999,11
VILLA DEVOTO,2017,Feb,692,11
VILLA DEVOTO,2017,Mar,1123,11
VILLA DEVOTO,2017,Abr,783,11
VILLA DEVOTO,2017,May,1200,11
VILLA DEVOTO,2017,Jun,891,11
VILLA DEVOTO,2017,Jul,972,11
VILLA DEVOTO,2017,Ago,978,11
VILLA DEVOTO,2017,Sep,444,11
VILLA DEVOTO,2017,Oct,974,11
VILLA DEVOTO,2017,Nov,997,11
VILLA DEVOTO,2017,Dic,1229,11
VILLA DEVOTO,2018,Ene,1136,11
VILLA DEVOTO,2018,Feb,1252,11
VILLA DEVOTO,2018,Mar,1160,11
VILLA DEVOTO,2018,Abr,921,11
VILLA DEVOTO,2018,May,739,11
VILLA DEVOTO,2018,Jun,911,11
VILLA DEVOTO,2018,Jul,913,11
VILLA DEVOTO,2018,Ago,987,11
VILLA DEVOTO,2018,Sep,1327,11
VILLA DEVOTO,2018,Oct,1312,11
VILLA DEVOTO,2018,Nov,1271,11
VILLA DEVOTO,2018,Dic,1098,11
VILLA DEVOTO,2019,Ene,1387,11
VILLA DEVOTO,2019,Feb,1377,11
VILLA DEVOTO,2019,Mar,1679,11
VILLA DEVOTO,2019,Abr,978,11
VILLA DEVOTO,2019,May,2077,11
VILLA DEVOTO,2019,Jun,983,11
VILLA DEVOTO,2019,Jul,1020,11
VILLA DEVOTO,2019,Ago,976,11
VILLA GRAL. MITRE,2013,Jul,596,11
VILLA GRAL. MITRE,2013,Ago,680,11
VILLA GRAL. MITRE,2013,Sep,710,11
VILLA GRAL. MITRE,2013,Oct,762,11
VILLA GRAL. MITRE,2013,Nov,725,11
VILLA GRAL. MITRE,2013,Dic,575,11
VILLA GRAL. MITRE,2014,Ene,454,11
VILLA GRAL. MITRE,2014,Feb,1127,11
VILLA GRAL. MITRE,2014,Mar,521,11
VILLA GRAL. MITRE,2014,Abr,271,11
VILLA GRAL. MITRE,2014,May,925,11
VILLA GRAL. MITRE,2014,Jun,375,11
VILLA GRAL. MITRE,2014,Jul,675,11
VILLA GRAL. MITRE,2014,Ago,541,11
VILLA GRAL. MITRE,2014,Sep,414,11
VILLA GRAL. MITRE,2014,Oct,635,11
VILLA GRAL. MITRE,2014,Nov,664,11
VILLA GRAL. MITRE,2014,Dic,453,11
VILLA GRAL. MITRE,2015,Ene,400,11
VILLA GRAL. MITRE,2015,Feb,676,11
VILLA GRAL. MITRE,2015,Mar,570,11
VILLA GRAL. MITRE,2015,Abr,601,11
VILLA GRAL. MITRE,2015,May,735,11
VILLA GRAL. MITRE,2015,Jun,518,11
VILLA GRAL. MITRE,2015,Jul,614,11
VILLA GRAL. MITRE,2015,Ago,490,11
VILLA GRAL. MITRE,2015,Sep,395,11
VILLA GRAL. MITRE,2015,Oct,367,11
VILLA GRAL. MITRE,2015,Nov,275,11
VILLA GRAL. MITRE,2015,Dic,463,11
VILLA GRAL. MITRE,2016,Ene,87,11
VILLA GRAL. MITRE,2016,Feb,303,11
VILLA GRAL. MITRE,2016,Mar,467,11
VILLA GRAL. MITRE,2016,Abr,283,11
VILLA GRAL. MITRE,2016,May,307,11
VILLA GRAL. MITRE,2016,Jun,325,11
VILLA GRAL. MITRE,2016,Jul,384,11
VILLA GRAL. MITRE,2016,Ago,209,11
VILLA GRAL. MITRE,2016,Sep,297,11
VILLA GRAL. MITRE,2016,Oct,169,11
VILLA GRAL. MITRE,2016,Nov,363,11
VILLA GRAL. MITRE,2016,Dic,403,11
VILLA GRAL. MITRE,2017,Ene,404,11
VILLA GRAL. MITRE,2017,Feb,560,11
VILLA GRAL. MITRE,2017,Mar,320,11
VILLA GRAL. MITRE,2017,Abr,418,11
VILLA GRAL. MITRE,2017,May,198,11
VILLA GRAL. MITRE,2017,Jun,615,11
VILLA GRAL. MITRE,2017,Jul,283,11
VILLA GRAL. MITRE,2017,Ago,329,11
VILLA GRAL. MITRE,2017,Sep,166,11
VILLA GRAL. MITRE,2017,Oct,372,11
VILLA GRAL. MITRE,2017,Nov,579,11
VILLA GRAL. MITRE,2017,Dic,369,11
VILLA GRAL. MITRE,2018,Ene,259,11
VILLA GRAL. MITRE,2018,Feb,382,11
VILLA GRAL. MITRE,2018,Mar,425,11
VILLA GRAL. MITRE,2018,Abr,553,11
VILLA GRAL. MITRE,2018,May,788,11
VILLA GRAL. MITRE,2018,Jun,478,11
VILLA GRAL. MITRE,2018,Jul,570,11
VILLA GRAL. MITRE,2018,Ago,536,11
VILLA GRAL. MITRE,2018,Sep,332,11
VILLA GRAL. MITRE,2018,Oct,637,11
VILLA GRAL. MITRE,2018,Nov,436,11
VILLA GRAL. MITRE,2018,Dic,552,11
VILLA GRAL. MITRE,2019,Ene,391,11
VILLA GRAL. MITRE,2019,Feb,499,11
VILLA GRAL. MITRE,2019,Mar,809,11
VILLA GRAL. MITRE,2019,Abr,422,11
VILLA GRAL. MITRE,2019,May,523,11
VILLA GRAL. MITRE,2019,Jun,563,11
VILLA GRAL. MITRE,2019,Jul,499,11
VILLA GRAL. MITRE,2019,Ago,593,11
VILLA LUGANO,2013,Jul,139,8
VILLA LUGANO,2013,Ago,168,8
VILLA LUGANO,2013,Sep,314,8
VILLA LUGANO,2013,Oct,591,8
VILLA LUGANO,2013,Nov,355,8
VILLA LUGANO,2013,Dic,287,8
VILLA LUGANO,2014,Ene,439,8
VILLA LUGANO,2014,Feb,265,8
VILLA LUGANO,2014,Mar,390,8
VILLA LUGANO,2014,Abr,202,8
VILLA LUGANO,2014,May,376,8
VILLA LUGANO,2014,Jun,205,8
VILLA LUGANO,2014,Jul,200,8
VILLA LUGANO,2014,Ago,265,8
VILLA LUGANO,2014,Sep,300,8
VILLA LUGANO,2014,Oct,245,8
VILLA LUGANO,2014,Nov,225,8
VILLA LUGANO,2014,Dic,303,8
VILLA LUGANO,2015,Ene,298,8
VILLA LUGANO,2015,Feb,150,8
VILLA LUGANO,2015,Mar,90,8
VILLA LUGANO,2015,Abr,163,8
VILLA LUGANO,2015,May,160,8
VILLA LUGANO,2015,Jun,122,8
VILLA LUGANO,2015,Jul,304,8
VILLA LUGANO,2015,Ago,360,8
VILLA LUGANO,2015,Sep,0,8
VILLA LUGANO,2015,Oct,36,8
VILLA LUGANO,2015,Nov,104,8
VILLA LUGANO,2015,Dic,0,8
VILLA LUGANO,2016,Ene,0,8
VILLA LUGANO,2016,Feb,32,8
VILLA LUGANO,2016,Mar,118,8
VILLA LUGANO,2016,Abr,120,8
VILLA LUGANO,2016,May,102,8
VILLA LUGANO,2016,Jun,100,8
VILLA LUGANO,2016,Jul,120,8
VILLA LUGANO,2016,Ago,120,8
VILLA LUGANO,2016,Sep,40,8
VILLA LUGANO,2016,Oct,206,8
VILLA LUGANO,2016,Nov,176,8
VILLA LUGANO,2016,Dic,190,8
VILLA LUGANO,2017,Ene,120,8
VILLA LUGANO,2017,Feb,72,8
VILLA LUGANO,2017,Mar,90,8
VILLA LUGANO,2017,Abr,38,8
VILLA LUGANO,2017,May,50,8
VILLA LUGANO,2017,Jun,80,8
VILLA LUGANO,2017,Jul,111,8
VILLA LUGANO,2017,Ago,0,8
VILLA LUGANO,2017,Sep,45,8
VILLA LUGANO,2017,Oct,38,8
VILLA LUGANO,2017,Nov,0,8
VILLA LUGANO,2017,Dic,0,8
VILLA LUGANO,2018,Ene,0,8
VILLA LUGANO,2018,Feb,70,8
VILLA LUGANO,2018,Mar,80,8
VILLA LUGANO,2018,Abr,50,8
VILLA LUGANO,2018,May,0,8
VILLA LUGANO,2018,Jun,0,8
VILLA LUGANO,2018,Jul,115,8
VILLA LUGANO,2018,Ago,87,8
VILLA LUGANO,2018,Sep,49,8
VILLA LUGANO,2018,Oct,169,8
VILLA LUGANO,2018,Nov,510,8
VILLA LUGANO,2018,Dic,98,8
VILLA LUGANO,2019,Ene,46,8
VILLA LUGANO,2019,Feb,248,8
VILLA LUGANO,2019,Mar,236,8
VILLA LUGANO,2019,Abr,100,8
VILLA LUGANO,2019,May,302,8
VILLA LUGANO,2019,Jun,182,8
VILLA LUGANO,2019,Jul,0,8
VILLA LUGANO,2019,Ago,278,8
VILLA LURO,2013,Jul,712,10
VILLA LURO,2013,Ago,1072,10
VILLA LURO,2013,Sep,387,10
VILLA LURO,2013,Oct,766,10
VILLA LURO,2013,Nov,594,10
VILLA LURO,2013,Dic,532,10
VILLA LURO,2014,Ene,551,10
VILLA LURO,2014,Feb,427,10
VILLA LURO,2014,Mar,250,10
VILLA LURO,2014,Abr,118,10
VILLA LURO,2014,May,370,10
VILLA LURO,2014,Jun,319,10
VILLA LURO,2014,Jul,324,10
VILLA LURO,2014,Ago,569,10
VILLA LURO,2014,Sep,408,10
VILLA LURO,2014,Oct,484,10
VILLA LURO,2014,Nov,410,10
VILLA LURO,2014,Dic,484,10
VILLA LURO,2015,Ene,402,10
VILLA LURO,2015,Feb,298,10
VILLA LURO,2015,Mar,65,10
VILLA LURO,2015,Abr,135,10
VILLA LURO,2015,May,761,10
VILLA LURO,2015,Jun,801,10
VILLA LURO,2015,Jul,701,10
VILLA LURO,2015,Ago,671,10
VILLA LURO,2015,Sep,198,10
VILLA LURO,2015,Oct,397,10
VILLA LURO,2015,Nov,357,10
VILLA LURO,2015,Dic,403,10
VILLA LURO,2016,Ene,540,10
VILLA LURO,2016,Feb,273,10
VILLA LURO,2016,Mar,258,10
VILLA LURO,2016,Abr,368,10
VILLA LURO,2016,May,463,10
VILLA LURO,2016,Jun,334,10
VILLA LURO,2016,Jul,421,10
VILLA LURO,2016,Ago,295,10
VILLA LURO,2016,Sep,555,10
VILLA LURO,2016,Oct,508,10
VILLA LURO,2016,Nov,571,10
VILLA LURO,2016,Dic,385,10
VILLA LURO,2017,Ene,165,10
VILLA LURO,2017,Feb,202,10
VILLA LURO,2017,Mar,294,10
VILLA LURO,2017,Abr,455,10
VILLA LURO,2017,May,302,10
VILLA LURO,2017,Jun,428,10
VILLA LURO,2017,Jul,393,10
VILLA LURO,2017,Ago,497,10
VILLA LURO,2017,Sep,114,10
VILLA LURO,2017,Oct,317,10
VILLA LURO,2017,Nov,300,10
VILLA LURO,2017,Dic,439,10
VILLA LURO,2018,Ene,395,10
VILLA LURO,2018,Feb,219,10
VILLA LURO,2018,Mar,530,10
VILLA LURO,2018,Abr,407,10
VILLA LURO,2018,May,203,10
VILLA LURO,2018,Jun,199,10
VILLA LURO,2018,Jul,455,10
VILLA LURO,2018,Ago,886,10
VILLA LURO,2018,Sep,677,10
VILLA LURO,2018,Oct,546,10
VILLA LURO,2018,Nov,405,10
VILLA LURO,2018,Dic,247,10
VILLA LURO,2019,Ene,411,10
VILLA LURO,2019,Feb,292,10
VILLA LURO,2019,Mar,758,10
VILLA LURO,2019,Abr,429,10
VILLA LURO,2019,May,791,10
VILLA LURO,2019,Jun,411,10
VILLA LURO,2019,Jul,429,10
VILLA LURO,2019,Ago,345,10
VILLA ORTUZAR,2013,Jul,380,15
VILLA ORTUZAR,2013,Ago,656,15
VILLA ORTUZAR,2013,Sep,293,15
VILLA ORTUZAR,2013,Oct,1038,15
VILLA ORTUZAR,2013,Nov,545,15
VILLA ORTUZAR,2013,Dic,584,15
VILLA ORTUZAR,2014,Ene,387,15
VILLA ORTUZAR,2014,Feb,437,15
VILLA ORTUZAR,2014,Mar,518,15
VILLA ORTUZAR,2014,Abr,280,15
VILLA ORTUZAR,2014,May,734,15
VILLA ORTUZAR,2014,Jun,849,15
VILLA ORTUZAR,2014,Jul,817,15
VILLA ORTUZAR,2014,Ago,1084,15
VILLA ORTUZAR,2014,Sep,496,15
VILLA ORTUZAR,2014,Oct,613,15
VILLA ORTUZAR,2014,Nov,602,15
VILLA ORTUZAR,2014,Dic,666,15
VILLA ORTUZAR,2015,Ene,864,15
VILLA ORTUZAR,2015,Feb,743,15
VILLA ORTUZAR,2015,Mar,503,15
VILLA ORTUZAR,2015,Abr,486,15
VILLA ORTUZAR,2015,May,609,15
VILLA ORTUZAR,2015,Jun,426,15
VILLA ORTUZAR,2015,Jul,421,15
VILLA ORTUZAR,2015,Ago,341,15
VILLA ORTUZAR,2015,Sep,280,15
VILLA ORTUZAR,2015,Oct,352,15
VILLA ORTUZAR,2015,Nov,277,15
VILLA ORTUZAR,2015,Dic,212,15
VILLA ORTUZAR,2016,Ene,469,15
VILLA ORTUZAR,2016,Feb,150,15
VILLA ORTUZAR,2016,Mar,465,15
VILLA ORTUZAR,2016,Abr,116,15
VILLA ORTUZAR,2016,May,224,15
VILLA ORTUZAR,2016,Jun,241,15
VILLA ORTUZAR,2016,Jul,404,15
VILLA ORTUZAR,2016,Ago,368,15
VILLA ORTUZAR,2016,Sep,408,15
VILLA ORTUZAR,2016,Oct,586,15
VILLA ORTUZAR,2016,Nov,321,15
VILLA ORTUZAR,2016,Dic,320,15
VILLA ORTUZAR,2017,Ene,362,15
VILLA ORTUZAR,2017,Feb,378,15
VILLA ORTUZAR,2017,Mar,475,15
VILLA ORTUZAR,2017,Abr,430,15
VILLA ORTUZAR,2017,May,363,15
VILLA ORTUZAR,2017,Jun,269,15
VILLA ORTUZAR,2017,Jul,439,15
VILLA ORTUZAR,2017,Ago,384,15
VILLA ORTUZAR,2017,Sep,266,15
VILLA ORTUZAR,2017,Oct,513,15
VILLA ORTUZAR,2017,Nov,281,15
VILLA ORTUZAR,2017,Dic,124,15
VILLA ORTUZAR,2018,Ene,300,15
VILLA ORTUZAR,2018,Feb,490,15
VILLA ORTUZAR,2018,Mar,202,15
VILLA ORTUZAR,2018,Abr,522,15
VILLA ORTUZAR,2018,May,347,15
VILLA ORTUZAR,2018,Jun,225,15
VILLA ORTUZAR,2018,Jul,336,15
VILLA ORTUZAR,2018,Ago,339,15
VILLA ORTUZAR,2018,Sep,633,15
VILLA ORTUZAR,2018,Oct,538,15
VILLA ORTUZAR,2018,Nov,786,15
VILLA ORTUZAR,2018,Dic,341,15
VILLA ORTUZAR,2019,Ene,974,15
VILLA ORTUZAR,2019,Feb,229,15
VILLA ORTUZAR,2019,Mar,285,15
VILLA ORTUZAR,2019,Abr,134,15
VILLA ORTUZAR,2019,May,554,15
VILLA ORTUZAR,2019,Jun,417,15
VILLA ORTUZAR,2019,Jul,374,15
VILLA ORTUZAR,2019,Ago,638,15
VILLA PUEYRREDON,2013,Jul,1539,12
VILLA PUEYRREDON,2013,Ago,1145,12
VILLA PUEYRREDON,2013,Sep,487,12
VILLA PUEYRREDON,2013,Oct,1310,12
VILLA PUEYRREDON,2013,Nov,1253,12
VILLA PUEYRREDON,2013,Dic,1053,12
VILLA PUEYRREDON,2014,Ene,1168,12
VILLA PUEYRREDON,2014,Feb,1273,12
VILLA PUEYRREDON,2014,Mar,1252,12
VILLA PUEYRREDON,2014,Abr,944,12
VILLA PUEYRREDON,2014,May,1584,12
VILLA PUEYRREDON,2014,Jun,1173,12
VILLA PUEYRREDON,2014,Jul,1291,12
VILLA PUEYRREDON,2014,Ago,1571,12
VILLA PUEYRREDON,2014,Sep,1531,12
VILLA PUEYRREDON,2014,Oct,1537,12
VILLA PUEYRREDON,2014,Nov,1720,12
VILLA PUEYRREDON,2014,Dic,954,12
VILLA PUEYRREDON,2015,Ene,756,12
VILLA PUEYRREDON,2015,Feb,1244,12
VILLA PUEYRREDON,2015,Mar,1358,12
VILLA PUEYRREDON,2015,Abr,981,12
VILLA PUEYRREDON,2015,May,760,12
VILLA PUEYRREDON,2015,Jun,1136,12
VILLA PUEYRREDON,2015,Jul,1120,12
VILLA PUEYRREDON,2015,Ago,1294,12
VILLA PUEYRREDON,2015,Sep,580,12
VILLA PUEYRREDON,2015,Oct,512,12
VILLA PUEYRREDON,2015,Nov,400,12
VILLA PUEYRREDON,2015,Dic,624,12
VILLA PUEYRREDON,2016,Ene,459,12
VILLA PUEYRREDON,2016,Feb,669,12
VILLA PUEYRREDON,2016,Mar,930,12
VILLA PUEYRREDON,2016,Abr,953,12
VILLA PUEYRREDON,2016,May,832,12
VILLA PUEYRREDON,2016,Jun,571,12
VILLA PUEYRREDON,2016,Jul,683,12
VILLA PUEYRREDON,2016,Ago,415,12
VILLA PUEYRREDON,2016,Sep,434,12
VILLA PUEYRREDON,2016,Oct,777,12
VILLA PUEYRREDON,2016,Nov,1035,12
VILLA PUEYRREDON,2016,Dic,831,12
VILLA PUEYRREDON,2017,Ene,486,12
VILLA PUEYRREDON,2017,Feb,556,12
VILLA PUEYRREDON,2017,Mar,1070,12
VILLA PUEYRREDON,2017,Abr,872,12
VILLA PUEYRREDON,2017,May,382,12
VILLA PUEYRREDON,2017,Jun,861,12
VILLA PUEYRREDON,2017,Jul,433,12
VILLA PUEYRREDON,2017,Ago,189,12
VILLA PUEYRREDON,2017,Sep,392,12
VILLA PUEYRREDON,2017,Oct,521,12
VILLA PUEYRREDON,2017,Nov,738,12
VILLA PUEYRREDON,2017,Dic,643,12
VILLA PUEYRREDON,2018,Ene,885,12
VILLA PUEYRREDON,2018,Feb,703,12
VILLA PUEYRREDON,2018,Mar,580,12
VILLA PUEYRREDON,2018,Abr,750,12
VILLA PUEYRREDON,2018,May,662,12
VILLA PUEYRREDON,2018,Jun,722,12
VILLA PUEYRREDON,2018,Jul,680,12
VILLA PUEYRREDON,2018,Ago,845,12
VILLA PUEYRREDON,2018,Sep,981,12
VILLA PUEYRREDON,2018,Oct,759,12
VILLA PUEYRREDON,2018,Nov,483,12
VILLA PUEYRREDON,2018,Dic,662,12
VILLA PUEYRREDON,2019,Ene,343,12
VILLA PUEYRREDON,2019,Feb,734,12
VILLA PUEYRREDON,2019,Mar,831,12
VILLA PUEYRREDON,2019,Abr,625,12
VILLA PUEYRREDON,2019,May,1273,12
VILLA PUEYRREDON,2019,Jun,697,12
VILLA PUEYRREDON,2019,Jul,685,12
VILLA PUEYRREDON,2019,Ago,969,12
VILLA REAL,2013,Jul,151,10
VILLA REAL,2013,Ago,145,10
VILLA REAL,2013,Sep,95,10
VILLA REAL,2013,Oct,549,10
VILLA REAL,2013,Nov,176,10
VILLA REAL,2013,Dic,67,10
VILLA REAL,2014,Ene,96,10
VILLA REAL,2014,Feb,235,10
VILLA REAL,2014,Mar,94,10
VILLA REAL,2014,Abr,122,10
VILLA REAL,2014,May,122,10
VILLA REAL,2014,Jun,127,10
VILLA REAL,2014,Jul,200,10
VILLA REAL,2014,Ago,151,10
VILLA REAL,2014,Sep,60,10
VILLA REAL,2014,Oct,130,10
VILLA REAL,2014,Nov,105,10
VILLA REAL,2014,Dic,73,10
VILLA REAL,2015,Ene,99,10
VILLA REAL,2015,Feb,0,10
VILLA REAL,2015,Mar,60,10
VILLA REAL,2015,Abr,0,10
VILLA REAL,2015,May,48,10
VILLA REAL,2015,Jun,0,10
VILLA REAL,2015,Jul,0,10
VILLA REAL,2015,Ago,0,10
VILLA REAL,2015,Sep,0,10
VILLA REAL,2015,Oct,0,10
VILLA REAL,2015,Nov,0,10
VILLA REAL,2015,Dic,0,10
VILLA REAL,2016,Ene,0,10
VILLA REAL,2016,Feb,80,10
VILLA REAL,2016,Mar,142,10
VILLA REAL,2016,Abr,0,10
VILLA REAL,2016,May,103,10
VILLA REAL,2016,Jun,172,10
VILLA REAL,2016,Jul,74,10
VILLA REAL,2016,Ago,0,10
VILLA REAL,2016,Sep,139,10
VILLA REAL,2016,Oct,158,10
VILLA REAL,2016,Nov,55,10
VILLA REAL,2016,Dic,91,10
VILLA REAL,2017,Ene,40,10
VILLA REAL,2017,Feb,103,10
VILLA REAL,2017,Mar,147,10
VILLA REAL,2017,Abr,102,10
VILLA REAL,2017,May,0,10
VILLA REAL,2017,Jun,0,10
VILLA REAL,2017,Jul,0,10
VILLA REAL,2017,Ago,65,10
VILLA REAL,2017,Sep,83,10
VILLA REAL,2017,Oct,0,10
VILLA REAL,2017,Nov,70,10
VILLA REAL,2017,Dic,72,10
VILLA REAL,2018,Ene,0,10
VILLA REAL,2018,Feb,0,10
VILLA REAL,2018,Mar,0,10
VILLA REAL,2018,Abr,34,10
VILLA REAL,2018,May,0,10
VILLA REAL,2018,Jun,190,10
VILLA REAL,2018,Jul,190,10
VILLA REAL,2018,Ago,30,10
VILLA REAL,2018,Sep,104,10
VILLA REAL,2018,Oct,175,10
VILLA REAL,2018,Nov,75,10
VILLA REAL,2018,Dic,66,10
VILLA REAL,2019,Ene,195,10
VILLA REAL,2019,Feb,0,10
VILLA REAL,2019,Mar,178,10
VILLA REAL,2019,Abr,112,10
VILLA REAL,2019,May,110,10
VILLA REAL,2019,Jun,184,10
VILLA REAL,2019,Jul,113,10
VILLA REAL,2019,Ago,184,10
VILLA RIACHUELO,2013,Jul,152,8
VILLA RIACHUELO,2013,Ago,93,8
VILLA RIACHUELO,2013,Sep,115,8
VILLA RIACHUELO,2013,Oct,140,8
VILLA RIACHUELO,2013,Nov,311,8
VILLA RIACHUELO,2013,Dic,0,8
VILLA RIACHUELO,2014,Ene,139,8
VILLA RIACHUELO,2014,Feb,175,8
VILLA RIACHUELO,2014,Mar,243,8
VILLA RIACHUELO,2014,Abr,245,8
VILLA RIACHUELO,2014,May,160,8
VILLA RIACHUELO,2014,Jun,80,8
VILLA RIACHUELO,2014,Jul,191,8
VILLA RIACHUELO,2014,Ago,35,8
VILLA RIACHUELO,2014,Sep,40,8
VILLA RIACHUELO,2014,Oct,162,8
VILLA RIACHUELO,2014,Nov,214,8
VILLA RIACHUELO,2014,Dic,112,8
VILLA RIACHUELO,2015,Ene,42,8
VILLA RIACHUELO,2015,Feb,35,8
VILLA RIACHUELO,2015,Mar,0,8
VILLA RIACHUELO,2015,Abr,105,8
VILLA RIACHUELO,2015,May,75,8
VILLA RIACHUELO,2015,Jun,131,8
VILLA RIACHUELO,2015,Jul,83,8
VILLA RIACHUELO,2015,Ago,0,8
VILLA RIACHUELO,2015,Sep,0,8
VILLA RIACHUELO,2015,Oct,45,8
VILLA RIACHUELO,2015,Nov,0,8
VILLA RIACHUELO,2015,Dic,0,8
VILLA RIACHUELO,2016,Ene,0,8
VILLA RIACHUELO,2016,Feb,0,8
VILLA RIACHUELO,2016,Mar,0,8
VILLA RIACHUELO,2016,Abr,0,8
VILLA RIACHUELO,2016,May,0,8
VILLA RIACHUELO,2016,Jun,32,8
VILLA RIACHUELO,2016,Jul,50,8
VILLA RIACHUELO,2016,Ago,0,8
VILLA RIACHUELO,2016,Sep,130,8
VILLA RIACHUELO,2016,Oct,0,8
VILLA RIACHUELO,2016,Nov,0,8
VILLA RIACHUELO,2016,Dic,0,8
VILLA RIACHUELO,2017,Ene,0,8
VILLA RIACHUELO,2017,Feb,0,8
VILLA RIACHUELO,2017,Mar,0,8
VILLA RIACHUELO,2017,Abr,0,8
VILLA RIACHUELO,2017,May,70,8
VILLA RIACHUELO,2017,Jun,0,8
VILLA RIACHUELO,2017,Jul,0,8
VILLA RIACHUELO,2017,Ago,0,8
VILLA RIACHUELO,2017,Sep,0,8
VILLA RIACHUELO,2017,Oct,0,8
VILLA RIACHUELO,2017,Nov,0,8
VILLA RIACHUELO,2017,Dic,0,8
VILLA RIACHUELO,2018,Ene,0,8
VILLA RIACHUELO,2018,Feb,53,8
VILLA RIACHUELO,2018,Mar,0,8
VILLA RIACHUELO,2018,Abr,0,8
VILLA RIACHUELO,2018,May,0,8
VILLA RIACHUELO,2018,Jun,0,8
VILLA RIACHUELO,2018,Jul,39,8
VILLA RIACHUELO,2018,Ago,50,8
VILLA RIACHUELO,2018,Sep,0,8
VILLA RIACHUELO,2018,Oct,0,8
VILLA RIACHUELO,2018,Nov,50,8
VILLA RIACHUELO,2018,Dic,0,8
VILLA RIACHUELO,2019,Ene,50,8
VILLA RIACHUELO,2019,Feb,0,8
VILLA RIACHUELO,2019,Mar,0,8
VILLA RIACHUELO,2019,Abr,165,8
VILLA RIACHUELO,2019,May,0,8
VILLA RIACHUELO,2019,Jun,58,8
VILLA RIACHUELO,2019,Jul,111,8
VILLA RIACHUELO,2019,Ago,50,8
VILLA SANTA RITA,2013,Jul,963,11
VILLA SANTA RITA,2013,Ago,535,11
VILLA SANTA RITA,2013,Sep,616,11
VILLA SANTA RITA,2013,Oct,1018,11
VILLA SANTA RITA,2013,Nov,653,11
VILLA SANTA RITA,2013,Dic,1061,11
VILLA SANTA RITA,2014,Ene,732,11
VILLA SANTA RITA,2014,Feb,443,11
VILLA SANTA RITA,2014,Mar,559,11
VILLA SANTA RITA,2014,Abr,338,11
VILLA SANTA RITA,2014,May,1199,11
VILLA SANTA RITA,2014,Jun,1060,11
VILLA SANTA RITA,2014,Jul,1431,11
VILLA SANTA RITA,2014,Ago,1299,11
VILLA SANTA RITA,2014,Sep,707,11
VILLA SANTA RITA,2014,Oct,947,11
VILLA SANTA RITA,2014,Nov,890,11
VILLA SANTA RITA,2014,Dic,638,11
VILLA SANTA RITA,2015,Ene,400,11
VILLA SANTA RITA,2015,Feb,580,11
VILLA SANTA RITA,2015,Mar,718,11
VILLA SANTA RITA,2015,Abr,670,11
VILLA SANTA RITA,2015,May,421,11
VILLA SANTA RITA,2015,Jun,561,11
VILLA SANTA RITA,2015,Jul,851,11
VILLA SANTA RITA,2015,Ago,806,11
VILLA SANTA RITA,2015,Sep,173,11
VILLA SANTA RITA,2015,Oct,726,11
VILLA SANTA RITA,2015,Nov,432,11
VILLA SANTA RITA,2015,Dic,397,11
VILLA SANTA RITA,2016,Ene,423,11
VILLA SANTA RITA,2016,Feb,358,11
VILLA SANTA RITA,2016,Mar,196,11
VILLA SANTA RITA,2016,Abr,496,11
VILLA SANTA RITA,2016,May,449,11
VILLA SANTA RITA,2016,Jun,278,11
VILLA SANTA RITA,2016,Jul,334,11
VILLA SANTA RITA,2016,Ago,408,11
VILLA SANTA RITA,2016,Sep,492,11
VILLA SANTA RITA,2016,Oct,68,11
VILLA SANTA RITA,2016,Nov,378,11
VILLA SANTA RITA,2016,Dic,333,11
VILLA SANTA RITA,2017,Ene,730,11
VILLA SANTA RITA,2017,Feb,424,11
VILLA SANTA RITA,2017,Mar,456,11
VILLA SANTA RITA,2017,Abr,515,11
VILLA SANTA RITA,2017,May,407,11
VILLA SANTA RITA,2017,Jun,124,11
VILLA SANTA RITA,2017,Jul,489,11
VILLA SANTA RITA,2017,Ago,244,11
VILLA SANTA RITA,2017,Sep,165,11
VILLA SANTA RITA,2017,Oct,179,11
VILLA SANTA RITA,2017,Nov,163,11
VILLA SANTA RITA,2017,Dic,362,11
VILLA SANTA RITA,2018,Ene,118,11
VILLA SANTA RITA,2018,Feb,219,11
VILLA SANTA RITA,2018,Mar,398,11
VILLA SANTA RITA,2018,Abr,327,11
VILLA SANTA RITA,2018,May,363,11
VILLA SANTA RITA,2018,Jun,442,11
VILLA SANTA RITA,2018,Jul,527,11
VILLA SANTA RITA,2018,Ago,243,11
VILLA SANTA RITA,2018,Sep,210,11
VILLA SANTA RITA,2018,Oct,679,11
VILLA SANTA RITA,2018,Nov,534,11
VILLA SANTA RITA,2018,Dic,232,11
VILLA SANTA RITA,2019,Ene,148,11
VILLA SANTA RITA,2019,Feb,406,11
VILLA SANTA RITA,2019,Mar,470,11
VILLA SANTA RITA,2019,Abr,310,11
VILLA SANTA RITA,2019,May,353,11
VILLA SANTA RITA,2019,Jun,283,11
VILLA SANTA RITA,2019,Jul,528,11
VILLA SANTA RITA,2019,Ago,337,11
VILLA SOLDATI,2013,Jul,0,8
VILLA SOLDATI,2013,Ago,313,8
VILLA SOLDATI,2013,Sep,92,8
VILLA SOLDATI,2013,Oct,391,8
VILLA SOLDATI,2013,Nov,0,8
VILLA SOLDATI,2013,Dic,120,8
VILLA SOLDATI,2014,Ene,0,8
VILLA SOLDATI,2014,Feb,182,8
VILLA SOLDATI,2014,Mar,145,8
VILLA SOLDATI,2014,Abr,75,8
VILLA SOLDATI,2014,May,0,8
VILLA SOLDATI,2014,Jun,161,8
VILLA SOLDATI,2014,Jul,85,8
VILLA SOLDATI,2014,Ago,196,8
VILLA SOLDATI,2014,Sep,40,8
VILLA SOLDATI,2014,Oct,0,8
VILLA SOLDATI,2014,Nov,196,8
VILLA SOLDATI,2014,Dic,80,8
VILLA SOLDATI,2015,Ene,0,8
VILLA SOLDATI,2015,Feb,50,8
VILLA SOLDATI,2015,Mar,95,8
VILLA SOLDATI,2015,Abr,0,8
VILLA SOLDATI,2015,May,0,8
VILLA SOLDATI,2015,Jun,0,8
VILLA SOLDATI,2015,Jul,0,8
VILLA SOLDATI,2015,Ago,0,8
VILLA SOLDATI,2015,Sep,0,8
VILLA SOLDATI,2015,Oct,77,8
VILLA SOLDATI,2015,Nov,59,8
VILLA SOLDATI,2015,Dic,122,8
VILLA SOLDATI,2016,Ene,0,8
VILLA SOLDATI,2016,Feb,150,8
VILLA SOLDATI,2016,Mar,0,8
VILLA SOLDATI,2016,Abr,0,8
VILLA SOLDATI,2016,May,0,8
VILLA SOLDATI,2016,Jun,0,8
VILLA SOLDATI,2016,Jul,0,8
VILLA SOLDATI,2016,Ago,0,8
VILLA SOLDATI,2016,Sep,0,8
VILLA SOLDATI,2016,Oct,0,8
VILLA SOLDATI,2016,Nov,0,8
VILLA SOLDATI,2016,Dic,0,8
VILLA SOLDATI,2017,Ene,0,8
VILLA SOLDATI,2017,Feb,0,8
VILLA SOLDATI,2017,Mar,0,8
VILLA SOLDATI,2017,Abr,0,8
VILLA SOLDATI,2017,May,0,8
VILLA SOLDATI,2017,Jun,0,8
VILLA SOLDATI,2017,Jul,0,8
VILLA SOLDATI,2017,Ago,0,8
VILLA SOLDATI,2017,Sep,0,8
VILLA SOLDATI,2017,Oct,0,8
VILLA SOLDATI,2017,Nov,0,8
VILLA SOLDATI,2017,Dic,0,8
VILLA SOLDATI,2018,Ene,0,8
VILLA SOLDATI,2018,Feb,0,8
VILLA SOLDATI,2018,Mar,0,8
VILLA SOLDATI,2018,Abr,0,8
VILLA SOLDATI,2018,May,0,8
VILLA SOLDATI,2018,Jun,0,8
VILLA SOLDATI,2018,Jul,70,8
VILLA SOLDATI,2018,Ago,0,8
VILLA SOLDATI,2018,Sep,35,8
VILLA SOLDATI,2018,Oct,0,8
VILLA SOLDATI,2018,Nov,0,8
VILLA SOLDATI,2018,Dic,0,8
VILLA SOLDATI,2019,Ene,0,8
VILLA SOLDATI,2019,Feb,0,8
VILLA SOLDATI,2019,Mar,0,8
VILLA SOLDATI,2019,Abr,45,8
VILLA SOLDATI,2019,May,0,8
VILLA SOLDATI,2019,Jun,47,8
VILLA SOLDATI,2019,Jul,0,8
VILLA SOLDATI,2019,Ago,0,8
VILLA URQUIZA,2013,Jul,6152,12
VILLA URQUIZA,2013,Ago,5842,12
VILLA URQUIZA,2013,Sep,4765,12
VILLA URQUIZA,2013,Oct,7153,12
VILLA URQUIZA,2013,Nov,6429,12
VILLA URQUIZA,2013,Dic,6022,12
VILLA URQUIZA,2014,Ene,4709,12
VILLA URQUIZA,2014,Feb,4832,12
VILLA URQUIZA,2014,Mar,5191,12
VILLA URQUIZA,2014,Abr,2059,12
VILLA URQUIZA,2014,May,6122,12
VILLA URQUIZA,2014,Jun,6851,12
VILLA URQUIZA,2014,Jul,7430,12
VILLA URQUIZA,2014,Ago,6601,12
VILLA URQUIZA,2014,Sep,6155,12
VILLA URQUIZA,2014,Oct,6946,12
VILLA URQUIZA,2014,Nov,5915,12
VILLA URQUIZA,2014,Dic,5599,12
VILLA URQUIZA,2015,Ene,5381,12
VILLA URQUIZA,2015,Feb,5845,12
VILLA URQUIZA,2015,Mar,6845,12
VILLA URQUIZA,2015,Abr,5761,12
VILLA URQUIZA,2015,May,4322,12
VILLA URQUIZA,2015,Jun,5777,12
VILLA URQUIZA,2015,Jul,5886,12
VILLA URQUIZA,2015,Ago,5273,12
VILLA URQUIZA,2015,Sep,3037,12
VILLA URQUIZA,2015,Oct,3087,12
VILLA URQUIZA,2015,Nov,2874,12
VILLA URQUIZA,2015,Dic,2255,12
VILLA URQUIZA,2016,Ene,2777,12
VILLA URQUIZA,2016,Feb,3016,12
VILLA URQUIZA,2016,Mar,3554,12
VILLA URQUIZA,2016,Abr,3279,12
VILLA URQUIZA,2016,May,3447,12
VILLA URQUIZA,2016,Jun,2344,12
VILLA URQUIZA,2016,Jul,2883,12
VILLA URQUIZA,2016,Ago,3310,12
VILLA URQUIZA,2016,Sep,2134,12
VILLA URQUIZA,2016,Oct,3526,12
VILLA URQUIZA,2016,Nov,3205,12
VILLA URQUIZA,2016,Dic,3239,12
VILLA URQUIZA,2017,Ene,3178,12
VILLA URQUIZA,2017,Feb,2288,12
VILLA URQUIZA,2017,Mar,2884,12
VILLA URQUIZA,2017,Abr,3504,12
VILLA URQUIZA,2017,May,3692,12
VILLA URQUIZA,2017,Jun,3089,12
VILLA URQUIZA,2017,Jul,2411,12
VILLA URQUIZA,2017,Ago,2855,12
VILLA URQUIZA,2017,Sep,2154,12
VILLA URQUIZA,2017,Oct,2654,12
VILLA URQUIZA,2017,Nov,3044,12
VILLA URQUIZA,2017,Dic,2297,12
VILLA URQUIZA,2018,Ene,3414,12
VILLA URQUIZA,2018,Feb,2274,12
VILLA URQUIZA,2018,Mar,1964,12
VILLA URQUIZA,2018,Abr,3238,12
VILLA URQUIZA,2018,May,2970,12
VILLA URQUIZA,2018,Jun,2551,12
VILLA URQUIZA,2018,Jul,3103,12
VILLA URQUIZA,2018,Ago,2689,12
VILLA URQUIZA,2018,Sep,3817,12
VILLA URQUIZA,2018,Oct,3211,12
VILLA URQUIZA,2018,Nov,3133,12
VILLA URQUIZA,2018,Dic,2386,12
VILLA URQUIZA,2019,Ene,2971,12
VILLA URQUIZA,2019,Feb,2926,12
VILLA URQUIZA,2019,Mar,3542,12
VILLA URQUIZA,2019,Abr,2787,12
VILLA URQUIZA,2019,May,2782,12
VILLA URQUIZA,2019,Jun,2362,12
VILLA URQUIZA,2019,Jul,2214,12
VILLA URQUIZA,2019,Ago,2763,12
